translation,book,chapter,verse,text
KNCL,1,1,2,"[1] ಅಥವಾ <em>ದೇವರ ಶಕ್ತಿ, ಉಸಿರು, ಮಾರುತ.</em>"
KNCL,1,1,4,[2] ಅಥವಾ <em>ಚೆನ್ನಾಗಿತ್ತು.</em>
KNCL,1,1,26,[3] ಹೀಬ್ರೂ ಭಾಷೆಯಲ್ಲಿ <em>‘ಆದಾಮಾ’ </em>ಎಂದರೆ ಮಣ್ಣಿನಿಂದ ಆದವನು.
KNCL,1,2,5,[1] ‘ಸರ್ವೇಶ್ವರ’ ಎಂಬ ಪದ ಅಧ್ಯಾಯದ ಅಥವಾ ಶಿರೋನಾಮೆಯ ಅಡಿಯಲ್ಲಿ ಮೊದಲಬಾರಿಗೆ ಬಂದಾಗ “ಸ್ವಾಮಿ” ಎಂಬ ಪ್ರತ್ಯಯವನ್ನು ಗೌರವಾರ್ಥ ಕೂಡಿಸಲಾಗಿದೆ.
KNCL,1,2,13,[2] <em>ಕೂಷ್ - (ಮೆಸೊಪೊಟೇಮಿಯದ) ಅಥವಾ ಸುಡಾನ್. </em>
KNCL,1,2,23,[3] ಹಿಬ್ರು ಭಾಷೆಯಲ್ಲಿ ‘ಇಷ್’ ಎಂದರೆ ಗಂಡು.
KNCL,1,2,23,[4] ಹಿಬ್ರು ಭಾಷೆಯಲ್ಲಿ ‘ಇಷಾ’ ಎಂದರೆ ಹೆಣ್ಣು.
KNCL,1,3,20,[1] <em>‘ಹವ್ವ’ ಎಂದರೆ ಜೀವ.</em>
KNCL,1,4,1,[1] ಹಿಬ್ರು ಭಾಷೆಯಲ್ಲಿ “ಪಡೆ - ಹಡೆ’ ಎಂದು ಅರ್ಥ.
KNCL,1,4,16,[2] <em>ಮೂಲ - ‘ನೋದ್’.</em>
KNCL,1,4,25,[3] <em>ಅಂದರೆ - ಅನುಗ್ರಹಿಸಲ್ಪಟ್ಟವನು.</em>
KNCL,1,5,29,"[1] <em>ಅಂದರೆ - “ನೆಮ್ಮದಿ"".</em>"
KNCL,1,6,14,"[1] <em>ಅಥವಾ: “ಮಂಜೂಷ"".</em>"
KNCL,1,9,27,"[1] <em>ಅಂದರೆ - “ಅಭಿವೃದ್ಧಿ"".</em>"
KNCL,1,11,9,"[1] <em>ಅಥವಾ: ಬಾಬೆಲ್ ಅಂದರೆ “ಅಸ್ತವ್ಯಸ್ತ”, “ಗಲಿಬಿಲಿ"".</em>"
KNCL,1,11,28,"[2] <em>ಅಥವಾ: ಕಲ್ದೀಯ, ಕಸ್ದೀಯ.</em>"
KNCL,1,14,2,[1] <em>ಅಥವಾ: ಮೃತ್ಯುಸಾಗರ. </em>
KNCL,1,14,6,[2] <em>ಅಥವಾ: ಸೇಯಿರ್.</em>
KNCL,1,16,11,"[1] <em>ಎಂದರೆ, “ದೇವರು ಆಲಿಸುತ್ತಾರೆ. </em>"
KNCL,1,16,13,[2] <em>ಅಥವಾ: ‘ಎಲ್ ರೋಯಿ’.</em>
KNCL,1,17,15,"[1] <em>ಅಥವಾ: ‘ಸಾರಾಯಿ’ ಎಂದರೆ “ರಾಜಕುಮಾರಿ"".</em>"
KNCL,1,17,19,"[2] <em>ಎಂದರೆ, “ನಗು”, “ಆಟ"".</em>"
KNCL,1,20,1,[1] <em>ಅಥವಾ: ನೇಗೆಬ್ಗೆ.</em>
KNCL,1,22,14,"[1] <em>ಅಂದರೆ, ""ಒದಗಿಸುವ ಒಡೆಯ"".</em>"
KNCL,1,24,9,[1] <em>ಮಾಡಿದ ಪ್ರಮಾಣಕ್ಕೆ ಬದ್ಧರಾಗಬೇಕೆಂದು ಯೆಹೂದ್ಯರು ಹೀಗೆ ಮಾಡುತ್ತಿದ್ದರು.</em>
KNCL,1,24,10,"[2] <em>ಅಥವಾ: ಆರಾಮ್, ಪದ್ದನ್ ಆರಾಮ್.</em>"
KNCL,1,25,20,[1] <em>ಅಥವಾ: ಪದ್ದನ್‍ ಆರಾಮ್.</em>
KNCL,1,25,25,"[2] <em>ಅಂದರೆ “ತುಂಬ ಕೂದಲುಳ್ಳ"".</em>"
KNCL,1,25,26,"[3] <em>ಅಂದರೆ “ವಂಚಕ"".</em>"
KNCL,1,26,20,[1] <em>ಅಂದರೆ: ಕಿತ್ತಲಾಟ.</em>
KNCL,1,26,21,[2] ಅಂದರೆ: ವೈರ್ಯ.
KNCL,1,26,22,[3] <em>ಅಂರೆ: ಸ್ವಾತಂತ್ರ್ಯ.</em>
KNCL,1,26,33,"[4] <em>ಅಂದರೆ: ""ವ್ರತ"".</em>"
KNCL,1,28,19,"[1] <em>ಎಂದರೆ : ""ದೇವಮಂದಿರ"".</em>"
KNCL,1,29,28,[1] <em>ಅಥವಾ: ರಾಹೇಲಳನ್ನೂ.</em>
KNCL,1,29,35,"[2] <em>ಎಂದರೆ, “ಸ್ತುತಿ"".</em>"
KNCL,1,30,24,"[1] <em>“ಇನ್ನೊಬ್ಬನನ್ನು ಅನುಗ್ರಹಿಸು"".</em>"
KNCL,1,32,2,[1] <em>ಎಂದರೆ : ಎರಡು ಪಾಳೆಯಗಳು.</em>
KNCL,1,32,28,[2] <em>ಎಂದರೆ : ದೇವರ ಸಂಗಡ ಹೋರಾಡಿದವನು.</em>
KNCL,1,32,30,[3] <em>ಎಂದರೆ - ದೇವರ ದರ್ಶನ.</em>
KNCL,1,33,14,[1] <em>ಅಥವಾ: ಸೇಯೀರಿಗೆ.</em>
KNCL,1,33,17,[2] <em>ಎಂದರೆ - ಚಪ್ಪರಗಳು.</em>
KNCL,1,33,20,[3] <em>ಎಂದರೆ : ‘ಇಸ್ರಯೇಲಿನ ದೇವರು’ ಎಂದು ಅರ್ಥ.</em>
KNCL,1,35,7,[1] <em>ಎಂದರೆ - ಬೇತೇಲಿನ ದೇವರು.</em>
KNCL,1,35,8,[2] <em>ಎಂದರೆ - ಶೋಕದ ಓಕ್ ಮರ.</em>
KNCL,1,35,18,"[3] <em>ಹಿಬ್ರೂ ಮೂಲ “ಎಲ್ ಶದ್ಧಯ್"".</em>"
KNCL,1,35,18,[4] <em>ಅದೃಷ್ಟವಂತನ ಮಗ</em>
KNCL,1,41,51,[1] <em>ಎಂದರೆ : ಪ್ರಜ್ಞಾಹೀನ.</em>
KNCL,1,41,52,"[2] <em>ಎಂದರೆ : ಫಲಪ್ರದ, ಸಂತಾನಭಾಗ್ಯ.</em>"
KNCL,1,45,8,[1] <em>ಅಥವಾ: ಪಿತೃ.</em>
KNCL,2,2,10,"[1] <em>‘ಮೋಶೆ, ಎಂಬ ಹಿಬ್ರು ಪದಕ್ಕೆ ‘ಎತ್ತಲಾದವನು’ ಎಂದರ್ಥ.</em>"
KNCL,2,3,14,"[1] <em>‘ಇರುವವನು’ (’ಯಾವೆ’) ಈ ಪದಕ್ಕೆ ‘ಇರು, ಇರುವಾತ, ಇರುವಾಗಿಸುವಾತ, ಇರುವಂಥ ಅಥವಾ ಸ್ವಯಂಭೂ ಎಂದೆಲ್ಲ ಅರ್ಥವಿದೆ.</em>"
KNCL,2,6,3,[1] ಅಥವಾ : EL SHADDAI.
KNCL,2,7,1,[1] ಅಥವಾ : ದೇವರಸ್ಥಾನದಲ್ಲಿ.
KNCL,2,8,15,[1] <em>ಅಥವಾ: ಸೊಳ್ಳೆ.</em>
KNCL,2,8,23,[2] <em>ವ್ಯತ್ಯಾಸ …ನನ್ನ ಜನರನ್ನು ನಿನ್ನ ಜನರಿಂದ ವಿಮುಕ್ತಗೊಳಿಸುವೆನು.</em>
KNCL,2,12,11,"[1] <em>‘ಪಾಸ್ಕ’ ಎಂಬ ಪದದ ಮೂಲಾರ್ಥ ತಿಳಿದಿಲ್ಲ. ದೇವರು ಈಜಿಪ್ಟರಿಗೆ ಹಾನಿ ಮಾಡಿದಂತೆ ಇಸ್ರಯೇಲರಿಗೆ ಮಾಡದೆ ಅವರ ಮನೆಮಾರುಗಳನ್ನು ‘ದಾಟಿಹೋದರು,’’ಬಿಟ್ಟುಹೋದರು’ ಹೀಗೆ ‘ರಕ್ಷಿಸಿದರು’ ಎಂಬ ಅರ್ಥದಲ್ಲಿ ಈ ಪದವನ್ನು ವಚನ 13, 23 ಹಾಗು 27ರಲ್ಲಿ ಬಳಸಲಾಗಿದೆ.</em>"
KNCL,2,13,4,[1] <em>ಅಥವಾ: ನಿಸಾನ್ ಮಾಸ. ಮಾರ್ಚ್-ಏಪ್ರಿಲ್; ಹಿಬ್ರು ಪಂಚಾಂಗವನ್ನು ನೋಡಿ.</em>
KNCL,2,14,2,[1] <em>ಅಕ್ಷರಶಃ ಜೊಂಡು ಹುಲ್ಲಿನ ಸಮುದ್ರ: ಇಂದಿನ ಸೂಯೆಜ್ ಕೊಲ್ಲಿ.</em>
KNCL,2,15,23,[1] <em>ಅಥವಾ: ‘ಕಹಿಯಾದ’ ಸ್ಥಳ.</em>
KNCL,2,16,15,[1] <em>ಅಕ್ಷರಶಃ ‘ಇದೇನಿದು!’.</em>
KNCL,2,16,16,[2] <em>ಅಥವಾ: ಒಂದು’ಹೋಮೇರ್’ ಅಂತೆ.</em>
KNCL,2,16,31,[3] <em>ಕ್ಲಿಷ್ಟ ಪದಗಳ ಅರ್ಥ ನೋಡಿ.</em>
KNCL,2,17,7,[1] <em>‘ಮಸ್ಸಾ’ ಅಂದರೆ: ಪರೀಕ್ಷೆಗೆ ಈಡುಮಾಡು ತನಿಖೆಮಾಡಿ ನೋಡು.</em>
KNCL,2,17,7,[2] <em>‘ಮೆರೀಬಾ’ ಎಂದರೆ ತರ್ಕ ಅಥವಾ ವಾಗ್ವಾದ.</em>
KNCL,2,17,15,"[3] <em>‘ಯಾವ್ವೆನಿಸ್ಸಿ’ ಅಂದರೆ ಸರ್ವೇಶ್ವರನೇ ನನ್ನ ಪತಾಕೆ, ಬಾವುಟ.</em>"
KNCL,2,18,4,[1] <em>ಅಥವಾ: ‘ದೇವರು ನನ್ನ ಸಹಾಯಕ’.</em>
KNCL,2,19,19,[1] <em>ಕನ್ನಡದಲ್ಲಿ ಇರುವ ಹಾಗೆ ಹೀಬ್ರು ಮೂಲ ಪದಕ್ಕೆ ಗುಡುಗು ಅಥವಾ ಗಟ್ಟಿಯಾಗಿ ಕೂಗು ಎಂಬ ಎರಡು ಅರ್ಥವೂ ಇದೆ.</em>
KNCL,2,25,7,[1] <em>ಅಥವಾ: ಏಫೊದ್’ ಕ್ಲಿಷ್ಟಪದಗಳ ಅರ್ಥ ನೋಡಿ.</em>
KNCL,2,25,31,[2] <em>ಅಥವಾ: ವೃಕ್ಷಾಕಾರದ ದೀಪಸ್ತಂಭ.</em>
KNCL,2,29,40,"[1] <em>ಅಥವಾ: ಒಂದು ಹಿನ್’ ಹಣ, ಅಳತೆ ಹಾಗು ತೂಕಗಳ ಪಟ್ಟಿ ನೋಡಿ.</em>"
KNCL,2,29,40,[2] ಅಥವಾ ಒಂದು ‘ಏಫಾ’.
KNCL,2,30,13,"[1] <em>ಅಥವಾ: ‘ಶೆಕೆಲಾ’, ‘ಗೇರಾ’.</em>"
KNCL,2,30,13,"[2] <em>ಹಣ, ಅಳತೆ ಹಾಗು ತೂಕಗಳ ಪಟ್ಟಿ ನೋಡಿ</em>"
KNCL,2,30,23,"[3] <em>ಅಥವಾ: 500 ತೊಲ; ಹಣ, ಅಳತೆ ಹಾಗು ತೂಕಗಳ ಪಟ್ಟಿ ನೋಡಿ.</em>"
KNCL,2,32,29,[1] <em>ಹಿಬ್ರು ಮೂಲ: ಪ್ರತಿಷ್ಠಾಪಿಸಿಕೊಳ್ಳಿರಿ.</em>
KNCL,2,34,5,[1] <em>ಅಥವಾ:ಯೆಹೋವ; ಯಾಹುವೆ.</em>
KNCL,3,8,8,[1] <em>ಊರಿಮ್ ಮತ್ತು ತುಮ್ಮೀಮ್ - ದೈವೇಚ್ಛೆಯನ್ನು ಕಂಡುಹಿಡಿಯಲು ಯಾಜಕ ಬಳಸುತ್ತಿದ್ದ ಪಗಡೆಯಂಥ ದಾಳಗಳು.</em>
KNCL,3,8,9,[2] <em>ಸಿರಿಪೇಟ- ಪೂಜೆ ಪುರಸ್ಕಾರಗಳ ಸಂದರ್ಭದಲ್ಲಿ ಯಾಜಕ ಧರಿಸುತ್ತಿದ್ದ ವಿಶೇಷವಾದ ಪೇಟ.</em>
KNCL,3,14,21,"[1] <em>ಅಥವಾ: ಮೂರು ಸೇರು - ಹಣ, ಅಳತೆ ಹಾಗು ತೂಕಗಳ ಪಟ್ಟಿ ನೋಡಿ.</em>"
KNCL,3,16,8,"[1] <em>ಹೀಬ್ರೂ ಮೂಲಪದದ ಅರ್ಥ:""ಆಡು” ಅಥವಾ “ಮೇಕೆ"". ಪ್ರಾಚೀನ ಹಿಬ್ರಿಯರ ಹಾಗೂ ಕಾನಾನಿನ ಆದಿವಾಸಿಗಳ ಅಭಿಪ್ರಾಯದಂತೆ ಪಾಳುಬಿದ್ದ ಸ್ಥಳಗಳನ್ನೂ, ಕಾಡುಪ್ರದೇಶಗಳನ್ನೂ ಕಾಡುತ್ತಿದ್ದ ಒಂದು ದೆವ್ವದ ಹೆಸರು.</em>"
KNCL,3,17,7,"[1] <em>ಹಿಂದಿನ ಅಧ್ಯಾಯದ, ವಚನ 8ರ ಅಡಿ ಟಿಪ್ಪಣಿಯನ್ನು ನೋಡಿ.</em>"
KNCL,3,18,21,[1] <em>ಪುರಾತನ ಕಾನಾನಿಯರ ಒಬ್ಬ ದೇವತೆ.</em>
KNCL,3,19,29,[1] <em>ಕಾನಾನ್ ನಾಡಿನ ಆದಿವಾಸಿಗಳ ದೇವಾಲಯಗಳಲ್ಲಿ ದೇವದಾಸಿ ಪದ್ಧತಿಯಿತ್ತು.</em>
KNCL,3,23,13,"[1] <em>ಅಥವಾ: ಆರು ’ಸೇರು’ ಹಣ, ಅಳತೆ ಹಾಗು ತೂಕಗಳ ಪಟ್ಟಿ ನೋಡಿ.</em>"
KNCL,4,3,46,"[1] <em>ಅಥವಾ: ಐದೈದು ಶೆಕೆಲ್ ನಾಣ್ಯ. ಅಥವಾ: ಇಪ್ಪತ್ತು ‘ಗೇರಾ’ ತೂಕದ ನಾಣ್ಯ. ಹಣ, ಅಳತೆ ಹಾಗೂ ತೂಕದ ಪಟ್ಟಿ ನೋಡಿ.</em>"
KNCL,4,11,32,"[1] <em>ಅಥವಾ: ಹತ್ತು ‘ಹೋಮೆರ್’ ಅಷ್ಟು. ಹಣ, ಅಳತೆ ಹಾಗು ತೂಕಗಳ ಪಟ್ಟಿ ನೋಡಿ.</em>"
KNCL,4,12,1,[1] <em>ಅಂದರೆ ಮಿಡಿಯಾನರ ಅಥವಾ ಸುಡಾನಿನ.</em>
KNCL,4,13,23,[1] <em>ಎಷ್ಕೋಲ್ - ಅಕ್ಷರಶಃ ದ್ರಾಕ್ಷಿಗೊಂಚಲು.</em>
KNCL,4,13,33,[2] <em>ಅಥವಾ: ರಾಕ್ಷಸಾಕಾರದವರನ್ನು</em>
KNCL,4,14,10,[1] <em>ಅಥವಾ: ಮಹಿಮೆ.</em>
KNCL,4,16,33,[1] <em>ಅಕ್ಷರಶಃ “ಶೆಯೋಲ್” - ಇದರ ಮೂಲಾರ್ಥ ಅಸ್ಪಷ್ಟ. ಸತ್ತಮೇಲೆ ಸಜ್ಜನರೂ ದುರ್ಜನರೂ ಸೇರುವ ಸುಖದುಃಖ ಇಲ್ಲದ ಕೆಳಗಣ ಲೋಕ. ಸ್ವರ್ಗನರಕಗಳ ಭಾವನೆ ಇನ್ನೂ ಅವರಿಗೆ ಬಂದಿರಲಿಲ್ಲ.</em>
KNCL,4,20,7,"[1] <em>ಅಂದರೆ, ಮಂಜೂಷದ ಮುಂದಿದ್ದ ಆರೋನನ ಕೋಲು.</em>"
KNCL,4,21,3,[1] <em>ಅಂದರೆ ‘ಪರಿವಿನಾಶ‘.</em>
KNCL,5,1,28,[1] <em>ಅಥವಾ : ರಾಕ್ಷಸಾಕಾರದ ವಂಶಸ್ಥರನ್ನು</em>
KNCL,5,3,11,[1] <em>ಅಥವಾ : ಸುಮಾರು ನಾಲ್ಕು ಮೀಟರು ಉದ್ದ; ಎರಡು ಮೀಟರು ಅಗಲ.</em>
KNCL,5,4,10,[1] <em>ಅಥವಾ : ಸೀನಾಯ್ ಪರ್ವತದಲ್ಲಿ.</em>
KNCL,5,5,12,[1] ಅಥವಾ : ಸಬ್ಬತ್.
KNCL,5,6,11,[1] <em>ಅಥವಾ : ನೀವು.</em>
KNCL,5,11,24,[1] <em>ಅಥವಾ : ಭೂಮಧ್ಯಸಮುದ್ರ.</em>
KNCL,5,32,5,[1] <em>ಈ ಪಂಕ್ತಿ ಹಿಬ್ರು ಮೂಲದಲ್ಲಿಲ್ಲ.</em>
KNCL,5,32,15,"[2] <em>ಅಥವಾ : ನೀವಾದರೋ, ಮೂಲ ಅಸ್ಪಷ್ಟ.</em>"
KNCL,5,34,6,[1] <em>ಹಿಬ್ರು ಮೂಲದಲ್ಲಿ ಸರ್ವೇಶ್ವರನೆ ಸಮಾಧಿಮಾಡಿದರು ಎಂದಿದೆ.</em>
KNCL,6,3,1,[1] <em>ಕೆಂಪು ಸಮುದ್ರವನ್ನು ದಾಟಿದ್ದು ಹಾಗು ಕಾನಾನ್ ನಾಡನ್ನು ಪ್ರವೇಶಿಸಿದ್ದು ಈ ಘಟನೆಗಳೆರಡನ್ನೂ ಹೋಲಿಸಿ ನೋಡಬಹುದು.</em>
KNCL,6,7,19,[1] <em>ಅಥವಾ : ನಿನ್ನ ಪಾಪಗಳನ್ನು ನಿವೇದಿಸು.</em>
KNCL,6,7,21,[2] <em>ಅಥವಾ : 200 ಶೆಕೆಲ್.</em>
KNCL,6,7,21,"[3] <em>ಅಥವಾ : 50 ಶೆಕೆಲ್. ನಾಣ್ಯ, ತೂಕ, ಅಳತೆಗಳ ಪಟ್ಟಿ ನೋಡಿ.</em>"
KNCL,6,15,18,[1] <em>ಅಥವಾ : ಅವಳು ಒತ್ನಿಯೇಲನನ್ನು ಪ್ರೋತ್ಸಾಹಿಸಿದಳು.</em>
KNCL,6,22,10,[1] ಅಥವಾ: ವೇದಿಕೆ.
KNCL,6,24,27,[1] <em>ಕಲ್ಲುಕುಪ್ಪೆ ಸಾಕ್ಷಿಯಾದಂತೆ ಅಡಿಕಾಂಡ 31:8 ನೋಡಿ.</em>
KNCL,7,1,14,[1] <em>ಕೆಲವು ಪ್ರತಿಗಳ ಪ್ರಕಾರ ಗಂಡ ಆಕೆಯನ್ನು ಪ್ರೇರೇಪಿಸಿದನು.</em>
KNCL,7,1,16,[2] <em>ಅಥವಾ : ಜೆರಿಕೋ ನಗರದಿಂದ.</em>
KNCL,7,1,16,[3] <em>ಅಥವಾ : ಅಮಾಲೇಕ್ಯರ ಸಂಗಡ.</em>
KNCL,7,2,5,[1] <em>ಅಂದರೆ ಅತ್ತು ಪ್ರಲಾಪಿಸು.</em>
KNCL,7,2,13,[2] <em>ಸ್ತ್ರೀಪುರುಷ ದೇವತೆಗಳು.</em>
KNCL,7,4,19,[1] <em>ಅಥವಾ : ಮಜ್ಜಿಗೆ.</em>
KNCL,7,5,2,[1] <em>ಅಥವಾ : ಮುಡಿ ಬೆಳೆಸಿದರು.</em>
KNCL,7,5,13,[2] <em>ಅಥವಾ : ಆತನ.</em>
KNCL,7,5,15,[3] <em>ಅಥವಾ : ನಫ್ತಾಲಿಯರೊಡನೆ.</em>
KNCL,7,6,19,[1] ಅಥವಾ : ಒಂದು ಏಫಾ.
KNCL,7,6,24,[2] ಅಂದರೆ : ಸರ್ವೇಶ್ವರಶಾಂತಿಸಮಾಧಾನ ಸ್ವರೂಪಿ.
KNCL,7,6,32,[3] <em>ಅಂದರೆ : ಬಾಳದೇವತೆ ತನ್ನನೆ ರಕ್ಷಿಸಿಕೊಳ್ಳಲಿ.</em>
KNCL,7,8,26,[1] <em>ಅಥವಾ : 1700 ತೊಲೆ.</em>
KNCL,7,8,27,[2] <em>ಕ್ಲಿಷ್ಟಪದಗಳ ಅರ್ಥ ನೋಡಿ.</em>
KNCL,7,9,10,[1] <em>ಅಥವಾ : ಅತ್ತಿಯಮರದ.</em>
KNCL,7,9,37,[2] <em>ಬಹುಶಃ : ಗೆರಿಜ್ಜೀಮ್ ಬೆಟ್ಟ.</em>
KNCL,7,12,6,[1] <em>ಅಂದರೆ : ಗೋದಿ ತೆನೆ.</em>
KNCL,7,13,1,[1] <em>ಅಥವಾ : ಸಾಂಸನ್.</em>
KNCL,7,14,19,[1] <em>ಅಥವಾ : ಸರ್ವೇಶ್ವರನ ಆತ್ಮಾವೇಶದಿಂದ.</em>
KNCL,7,15,6,[1] <em>ಅಥವಾ : ಆಕೆಯ ತಂದೆಯ ಕುಟುಂಬವನ್ನು.</em>
KNCL,7,15,17,[2] <em>ಅಂದರೆ : ದವಡೆ ಎಲುಬಿನ ದಿಬ್ಬ.</em>
KNCL,7,15,19,[3] <em>ಅಂದರೆ : ಕರೆದವನ ಜಲಾಕರ.</em>
KNCL,7,17,5,[1] <em>ಕ್ಲಿಷ್ಟಪದಗಳ ಅರ್ಥವನ್ನು ನೋಡಿ.</em>
KNCL,8,1,20,"[1] <em>ಎಂದರೆ : ಮಧು, ಸಿಹಿ.</em>"
KNCL,8,1,20,[2] <em>ಎಂದರೆ : ಕಹಿ</em>
KNCL,8,4,17,[1] <em>ಅಥವಾ : ಇಷಯನ.</em>
KNCL,9,1,1,[1] <em>ಅಥವಾ : ರಾಮಾತಾಯಿಮ್.</em>
KNCL,9,1,3,[2] <em>ಅಥವಾ : ಸರ್ವಶಕ್ತರಾದ.</em>
KNCL,9,1,11,[3] <em>ಮುಡಿಕತ್ತರಿಸದೆ ಬಿಡುವವನು ದೇವರಿಗೆ ಸಮರ್ಪಿತನು ಎಂಬುದರ ಸಂಕೇತ; ನ್ಯಾಯಸ್ಥಾಪಕರು <a href='/KNCL/9/13/5'>13:5</a>ನ್ನು ನೋಡಿ</em>
KNCL,9,1,23,[4] <em>ಅಥವಾ : ತಮ್ಮ.</em>
KNCL,9,2,18,[1] <em>ಕ್ಲಿಷ್ಟಪದಗಳ ಅರ್ಥ ನೋಡಿ.</em>
KNCL,9,3,7,[1] <em>ಅಥವಾ : ಅರಿವು.</em>
KNCL,9,4,21,"[1] <em>ಎಂದರೆ, ಮಹಿಮೆಯೆಲ್ಲಿದೆ? ಅದು ಮಾಯವಾಗಿದೆ, ಎಂದು ಅರ್ಥ.</em>"
KNCL,9,5,8,"[1] <em>ಎಂದರೆ, ಐದುಮಂದಿ ರಾಜರನ್ನು</em>"
KNCL,9,11,1,[1] <em>ಕೆಲವು ಪ್ರತಿಗಳಲ್ಲಿ ಮಾತ್ರ.</em>
KNCL,9,13,1,[1] <em>ಹಿಬ್ರು ಮೂಲದಲ್ಲಿ ನಿರ್ದಿಷ್ಟ ಸಂಖ್ಯೆ ಬಿದ್ದುಹೋಗಿದೆ; 1 ಮತ್ತು 2 ಎಂಬ ಸಂಖ್ಯೆಗಳು ಮಾತ್ರ ಇಳಿದಿವೆ.</em>
KNCL,9,13,1,[2] <em>ಹಿಬ್ರು ಮೂಲದಲ್ಲಿ ನಿರ್ದಿಷ್ಟ ಸಂಖ್ಯೆ ಬಿದ್ದುಹೋಗಿದೆ; 1 ಮತ್ತು 2 ಎಂಬ ಸಂಖ್ಯೆಗಳು ಮಾತ್ರ ಇಳಿದಿವೆ.</em>
KNCL,9,14,14,[1] <em>ಕ್ಲಿಷ್ಟಪದಗಳ ಅರ್ಥ ನೋಡಿ.</em>
KNCL,9,14,18,[2] <em>ಕ್ಲಿಷ್ಟಪದಗಳ ಅರ್ಥ ನೋಡಿ.</em>
KNCL,9,16,1,[1] <em>ಅಥವಾ : ಇಷಯನ. </em>
KNCL,9,16,14,"[2] <em>ಒಳಿತಿಗೂ ಕೆಡುಕಿಗೂ, ಪರಿಶುದ್ಧಾತ್ಮಕ್ಕೂ ದೇವರೇ ಮೂಲಕಾರಣ ಎಂಬುದು ಇಸ್ರಯೇಲರ ಅಭಿಪ್ರಾಯವಾಗಿತ್ತು.</em>"
KNCL,9,17,12,[1] <em>ಅಥವಾ : ಇಷಯ.</em>
KNCL,9,19,18,[1] <em>ಅಥವಾ : ಸಯೋತ್ (ಸವಿತ್) ಎಂಬ ಸ್ಥಳದಲ್ಲಿ. </em>
KNCL,9,28,6,[1] <em>ಕ್ಲಿಷ್ಟಪದಗಳ ಅರ್ಥ ನೋಡಿ.</em>
KNCL,10,1,18,"[1] <em>ಇದೊಂದು ಬಹಳ ಪ್ರಾಚೀನ ಗ್ರಂಥ ಸಂಗ್ರಹ, ಆದರೆ ಈಗ ಅಲಭ್ಯ.</em>"
KNCL,10,2,1,[1] <em>ಅಥವಾ : ಯೆಹೂದ.</em>
KNCL,10,7,5,"[1] <em>ಹಿಬ್ರು ಮೂಲಪದಕ್ಕೆ ಮನೆ, ಮನೆತನ, ಅರಮನೆ, ದೇವಸ್ಥಾನ ಮುಂತಾದ ಅರ್ಥಗಳೂ ಇವೆ.</em>"
KNCL,10,7,7,[2] <em>ಅಥವಾ : ನ್ಯಾಯಸ್ಥಾಪಕನನ್ನು.</em>
KNCL,10,12,25,[1] <em>ಅಂದರೆ : ‘ಸರ್ವೇಶ್ವರನಿಗೆ ಪ್ರಿಯನು’.</em>
KNCL,10,14,26,[1] <em>ಅಥವಾ : 200 ಬೆಳ್ಳಿನಾಣ್ಯಗಳ ತೂಕ.</em>
KNCL,10,18,21,"[1] <em>ಅಥವಾ : ಎತಿಯೋಪಿಯದವನನ್ನು, (ಕಪ್ಪಾದವನನ್ನು).</em>"
KNCL,10,20,1,[1] <em>ಅಥವಾ : ಇಷಯನ.</em>
KNCL,10,24,13,[1] <em>ಕೆಲವು ಪ್ರತಿಗಳ ಪ್ರಕಾರ ಮೂರು ವರ್ಷ.</em>
KNCL,11,1,25,[1] <em>ಹಿಬ್ರು ಮೂಲ: ನಿಮ್ಮ ಸೇನಾಪತಿಗಳನ್ನು</em>
KNCL,11,4,22,[1] <em>ಅಥವಾ : ಮೂವತ್ತು ‘ಕೋರ್’ - ದ್ರವವಸ್ತುಗಳ ತೂಕದಳತೆಯ ಪಟ್ಟಿಯನ್ನು ನೋಡಿ.</em>
KNCL,11,4,22,[2] <em>ಅಥವಾ : ಅರವತ್ತು ‘ಕೋರ್’.</em>
KNCL,11,5,11,"[1] <em>ಅಥವಾ : 20,000 ‘ಕೋರ್’ ಗೋದಿ.</em>"
KNCL,11,5,11,[2] <em>ಅಥವಾ : 20 ‘ಕೋರ್’ ಎಣ್ಣೆ.</em>
KNCL,11,6,2,"[1] <em>ನಾಣ್ಯ, ತೂಕ ಹಾಗೂ ಅಳತೆಗಳ ಪಟ್ಟಿಯನ್ನು ನೋಡಿ.</em>"
KNCL,11,6,20,[2] <em>ಅಂದರೆ : ಧೂಪವೇದಿ.</em>
KNCL,11,7,30,[1] <em>ಅಥವಾ : ಗಂಗಾಳ.</em>
KNCL,11,7,38,[2] <em>ಅಥವಾ : 40 ‘ಬತ್’.</em>
KNCL,11,8,12,[1] <em>ಹಿಬ್ರು ಮೂಲದಲ್ಲಿ ಈ ಪಂಕ್ತಿ ಇಲ್ಲ.</em>
KNCL,11,8,65,[2] <em>ಗ್ರೀಕ್ ಮೂಲದಲ್ಲಿ : ಒಂದು ವಾರ.</em>
KNCL,11,9,14,[1] <em>ಅಥವಾ : 120 ತಲೆಂತು.</em>
KNCL,11,9,28,[2] <em>ಅಥವಾ : 420 ತಲೆಂತು</em>
KNCL,11,10,10,"[1] <em>ನಾಣ್ಯ, ತೂಕ, ಅಳತೆ ಇವುಗಳ ಪಟ್ಟಿಯನ್ನು ನೋಡಿ.</em>"
KNCL,11,16,24,[1] <em>ಅಥಾ; 2 ತಲೆಂತು.</em>
KNCL,11,20,39,[1] <em>ಅಥವಾ : ಒಂದು ತಲೆಂತು.</em>
KNCL,12,4,29,[1] <em>ಅಂದರೆ - ವಂದನೋಪಚಾರಗಳಲ್ಲಿ ಕಾಲವಿಳಂಬ ಮಾಡದೆ ಬೇಗನೆ ಹೋಗು. <a href='/KNCL/42/10/4'>ಲೂಕ.  10:4</a>ನ್ನು ನೋಡಿ</em>
KNCL,12,5,1,[1] <em>ಅಥವಾ : ಅರಾಮ್ಯರ.</em>
KNCL,12,5,1,[2] <em>ಅಥವಾ : ಒಂದು ತರದ ಕುಷ್ಠರೋಗದಿಂದ; <a href='/KNCL/3/13/1'>ಯಾಜ.  13:1</a>ನ್ನು ನೋಡಿ.</em>
KNCL,12,6,25,[1] <em>ಅಥವಾ : ಪಾರಿವಾಳದ ಗೊಬ್ಬರವನ್ನು.</em>
KNCL,12,7,1,"[1] <em>ಅಥವಾ : 12 ಸೇರಿನಂತೆ. ನಾಣ್ಯ, ತೂಕ, ಅಳತೆ, ಇವುಗಳ ಪಟ್ಟಿಯನ್ನು ನೋಡಿ.</em>"
KNCL,12,16,3,[1] <em>ಅಥವಾ :ಆಹುತಿ ಕೊಟ್ಟನು.</em>
KNCL,12,16,17,[2] <em>ಅಥವಾ; ಗಂಗಾಳಗಳನ್ನು.</em>
KNCL,12,18,14,"[1] <em>ಅಥವಾ 300 ತಲೆಂತು. ನಾಣ್ಯ, ತೂಕ, ಅಳತೆಗಳ ಪಟ್ಟಿಯನ್ನು ನೋಡಿ</em>"
KNCL,12,23,33,"[1] <em>ಅಥವಾ : 100 ತಲೆಂತು; ನಾಣ್ಯ, ತೂಕ, ಅಳತೆ ಇವುಗಳ ಪಟ್ಟಿಯನ್ನು ನೋಡಿ.</em>"
KNCL,12,25,10,[1] <em>ಅಥವಾ : ಕಸ್ದಿಯ.</em>
KNCL,13,1,7,[1] <em>ಅಥವಾ : ತಾರ್ಷಿಷ್.</em>
KNCL,13,1,7,[2] <em>ಅಥವಾ : ಕಿತ್ತೀಮ್.</em>
KNCL,13,7,12,[1] <em>ಹಿಬ್ರು ಮೂಲ : ಶುಪ್ಪೀಮ್ ಮತ್ತು ಹುಪ್ಪೀಮ್ ಈರನ ಮಕ್ಕಳು; ಹುಶೀನನು ಆಹೇರನ ಮಗ.</em>
KNCL,13,10,4,[1] <em>ಅಥವಾ : ಸುನ್ನತಿಯಿಲ್ಲದ.</em>
KNCL,13,11,11,[1] <em>ಹಿಬ್ರು ಮೂಲ : “ಮೂವತ್ತು ಪ್ರಮುಖ ವೀರರು.”</em>
KNCL,13,11,20,"[2] <em>ಹಿಬ್ರು ಮೂಲ : “ಮೂವರು ಪ್ರಮುಖ ವೀರರು"".</em>"
KNCL,13,13,11,[1] <em>ಅಥವಾ : ಉಜ್ಜನಿಗಾದ ಶಿಕ್ಷೆ.</em>
KNCL,13,15,27,[1] <em>ಕ್ಲಿಷ್ಟ ಪದಗಳ ಅರ್ಥ ನೋಡಿ</em>
KNCL,13,17,17,[1] <em>ಅಂದರೆ : ಯೇಸು ಕ್ರಿಸ್ತನ.</em>
KNCL,13,19,6,[1] <em>ಅಥವಾ : 1000 ತಲೆಂತು - ನಾಣ್ಯಗಳ ಪಟ್ಟಿ ನೋಡಿ.</em>
KNCL,13,29,4,[1] <em>ಅಥವಾ : ಸುಮಾರು 3000 ತಲೆಂತು.</em>
KNCL,13,29,4,[2] <em>ಅಥವಾ : ಸುಮಾರು 7000 ತಲೆಂತು.</em>
KNCL,13,29,7,[3] <em>ಅಥವಾ : ಸುಮಾರು 5000 ತಲೆಂತು.</em>
KNCL,13,29,7,[4] <em>ಅಥವಾ : ಸುಮಾರು 10000 ತಲೆಂತು.</em>
KNCL,14,6,1,[1] <em>ಈ ಪಂಕ್ತಿ ಹಿಬ್ರು ಮೂಲದಲ್ಲಿ ಇಲ್ಲ.</em>
KNCL,14,6,13,[2] <em>ಈ ಪಂಕ್ತಿ ಹಿಬ್ರು ಮೂಲದಲ್ಲಿ ಇಲ್ಲ.</em>
KNCL,14,14,9,"[1] <em>ಅಥವಾ : ಇಥಿಯೋಪಿಯದ, ಕೂಷ್ಯನಾದ.</em>"
KNCL,14,27,5,"[1] <em>ನಾಣ್ಯ, ತೂಕ, ಅಳತೆ ಇವುಗಳ ಪಟ್ಟಿಯನ್ನು ನೋಡಿ</em>"
KNCL,14,31,16,[1] <em>ಹಿಬ್ರೂ ಮೂಲ : ಮೂರು ವರ್ಷ.</em>
KNCL,14,36,3,"[1] <em>ನಾಣ್ಯ, ತೂಕ, ಅಳತೆ ಇವುಗಳ ಪಟ್ಟಿಯನ್ನು ನೋಡಿ.</em>"
KNCL,16,1,1,[1] <em>ಕಿಸ್ಲೆವ್‍ಮಾಸ : ಹಿಬ್ರು ಪಂಚಾಂಗವನ್ನು ನೋಡಿ.</em>
KNCL,16,5,13,[1] <em>ಅಂದಿನ ಕಾಲದಲ್ಲಿ ಜೇಬುಗಳು ಇರಲಿಲ್ಲ; ಹಣಕಾಸು ಇತ್ಯಾದಿಗಳನ್ನು ನಡುಪಟ್ಟಿಯಲ್ಲೇ ಸಿಕ್ಕಿಸಿಕೊಳ್ಳುತ್ತಿದ್ದರು.</em>
KNCL,16,5,13,[2] <em>ಅಥವಾ : ಆಮೆನ್.</em>
KNCL,16,6,15,[1] <em>ಆದಾರ್‍ಮಾಸ; ಹಿಬ್ರ ಪಂಚಾಂಗವನ್ನು ನೋಡಿ.</em>
KNCL,16,7,70,"[1] <em>ನಾಣ್ಯ, ತೂಕ ಹಾಗು ಅಳತೆ ಇವುಗಳ ಪಟ್ಟಿಯನ್ನು ನೋಡಿ.</em>"
KNCL,16,8,1,[1] <em>ಅಥವಾ : ಧರ್ಮಶಾಸ್ತ್ರಜ್ಞ.</em>
KNCL,17,2,16,[1] <em>ಹಿಬ್ರು ಪಂಚಾಂಗ ನೋಡಿ.</em>
KNCL,18,1,1,[1] <em>ಬಹುಶಃ ಎದೋಮಿನ ದಕ್ಷಿಣಭಾಗದಲ್ಲಿದ್ದ ನಾಡು.</em>
KNCL,18,1,6,"[2] <em>ಅಕ್ಷರಶಃ ದೇವರ ಮಕ್ಕಳು, ದೇವದೂತರು.</em>"
KNCL,18,4,9,[1] <em>ಪದ್ಯಭಾಗಗಳಲ್ಲಿ ದೇವರಿಗೆ ಏಕವಚನವನ್ನೇ ಬಳಸಲಾಗಿದೆ.</em>
KNCL,18,20,17,[1] <em>ಅಥವಾ : ಜೇನು ಮೊಸರು.</em>
KNCL,18,31,20,[1] <em>ಮೂಲ : ಅವರ ಸೊಂಟವನ್ನು.</em>
KNCL,18,36,14,[1] <em>ಅಥವಾ : ಲಜ್ಜಾಹೀನರಾಗಿ ಗತಿಸಿಹೋಗುವರು</em>
KNCL,18,36,33,[2] <em>ಅಥವಾ : ಕೇಡಿನ ಮೇಲೆ ಕೋಪವನ್ನು ಕೆರಳಿಸುತ್ತದೆ.</em>
KNCL,19,1,2,[1] <em>ಅಥವಾ : ಸರ್ವೇಶ್ವರನ (ಮುನ್ನುಡಿಯನ್ನು ಓದಿ ನೋಡಿ).</em>
KNCL,19,51,17,[1] <em>ಅಂದರೆ : ಪಶ್ಚಾತ್ತಾಪದಿಂದ.</em>
KNCL,19,74,14,[1] <em>ಅಂದರೆ ಕೇಡಿನ ಸಂಕೇತವಾದ ರಾಕ್ಷಸ.</em>
KNCL,20,16,11,[1] <em>ಅಥವಾ : ಕಟ್ಲೇಚೀಲದ.</em>
KNCL,20,17,19,[1] <em>ಅಥವಾ : ಸೊಕ್ಕಿನಿಂದ ಮಾತಾಡುವವನು.</em>
KNCL,20,18,19,[1] <em>ಗ್ರೀಕ್ ಮೂಲ.</em>
KNCL,21,8,9,[1] <em>ಮೂಲ : ಅಸ್ಪಷ್ಟ.</em>
KNCL,23,3,1,"[1] <em>ಕ್ರಿ.ಪೂ. ಸುಮಾರು 735ರಲ್ಲಿ, ಆಹಾಜನ ಕಾಲದಲ್ಲಿ.</em>"
KNCL,23,6,1,[1] <em>ಕ್ರಿ ಪೂ. ಸುಮಾರು 740ರಲ್ಲಿ.</em>
KNCL,23,11,11,[1] <em>ಅಥವಾ : ಎಥಿಯೋಪಿಯ.</em>
KNCL,23,13,21,[1] <em>ಅಥವಾ : ದೆವ್ವಗಳು.</em>
KNCL,23,14,23,[1] <em>ಅರಸ ಸನ್ಹೇರೀಬನು ಮಾಡಿದ ಮುತ್ತಿಗೆಯ ಸಂದರ್ಭ : ಕ್ರಿ. ಪೂ. 701.</em>
KNCL,23,18,1,[1] <em>ಅಥವಾ : ಸುಡಾನಿನ.</em>
KNCL,23,20,3,[1] <em>ಅಥವಾ : ಎಥಿಯೋಪಿಯದ.</em>
KNCL,23,21,1,[1] <em>ದಕ್ಷಿಣ ಬಾಬಿಲೋನಿಯ.</em>
KNCL,23,28,1,[1] <em>ಸಮಾರಿಯಕ್ಕೆ.</em>
KNCL,23,30,1,[1] <em>ಕ್ರಿ. ಪೂ. ಸುಮಾರು 702.</em>
KNCL,23,30,7,[2] <em>ಈ ಪಂಕ್ತಿ ಹಿಬ್ರು ಮೂಲದಲ್ಲಿ ಇಲ್ಲ</em>
KNCL,23,30,33,[3] <em>ಬೆನ್-ಹಿನ್ನೋಮ್ ಕಣಿವೆ : ಮೊಲೆಕ್ ದೇವತೆಗೆ ಮಕ್ಕಳನ್ನು ಬಲಿಯಾಗಿ ಅರ್ಪಿಸುತ್ತಿದ್ದ ಸ್ಥಳ.</em>
KNCL,23,37,8,[1] <em>ರಬ್ಷಾಕೆಯು</em>
KNCL,23,38,21,[1] <em>ವಚನ 21-22ನ್ನು ಇದೇ ಅಧ್ಯಾಯದ ಕೊನೆಯಿಂದ ಇಲ್ಲಿಗೆ ಸ್ಥಳಾಂತರಿಸಲಾಗಿದೆ (2 ಅರಸ 20:6-9ನ್ನೂ ನೋಡಿ).</em>
KNCL,23,41,1,[1] <em>ಅಥವಾ : ದ್ವೀಪನಿವಾಸಿಗಳೇ.</em>
KNCL,23,44,2,[1] <em>ಅಥವಾ : ಇಸ್ರಯೇಲೇ.</em>
KNCL,23,44,28,[2] <em>ಅಥವಾ : ಸೈರಸನಿಗೆ.</em>
KNCL,23,45,1,[1] <em>ಅಥವಾ : ಸೈರಸನಿಗೆ.</em>
KNCL,23,45,14,"[2] <em>ಮೂಲ : ಕೂಷ್, ಅಥವಾ ಎಥಿಯೋಪಿಯ.</em>"
KNCL,23,47,1,[1] <em>ಅಂದರೆ : ಬಾಬಿಲೋನ್ ನಗರಿಯೇ.</em>
KNCL,23,49,12,[1] <em>ದಕ್ಷಿಣ ಈಜಿಪ್ಟಿನ ಒಂದು ನಗರ.</em>
KNCL,23,54,5,[1] <em>ಅಥವಾ : ಸರ್ವಶಕ್ತ ಸರ್ವೇಶ್ವರ.</em>
KNCL,23,65,3,[1] <em>ಅಥವಾ : ಅನ್ಯಧರ್ಮೀಯರ ವೇದಿಗಳು.</em>
KNCL,23,65,11,[2] <em>ಅಂದರೆ : ಶುಭಕಾರ್ಯದೇವತೆ.</em>
KNCL,23,65,11,[3] <em>ಅಂದರೆ : ಸದ್ಗತಿದಾಯಕದೇವತೆ.</em>
KNCL,24,1,11,[1] <em>ಅಥವಾ : ಬಾದಾಮಿಮರ; ಹೂಬಿಡಲು ಆ ಮರ ವಸಂತಕಾಲಕ್ಕಾಗಿ ಕಾದಿರುವಂತೆ ದೇವರು ತಮ್ಮ ಮಾತನ್ನು ಈಡೇರಿಸಲು ಕಾತರರಾಗಿದ್ದಾರೆ.</em>
KNCL,24,1,16,[2] <em>ಅಥವಾ: ಧೂಪಹಾಕುತ್ತಿದ್ದಾರೆ</em>
KNCL,24,2,18,[1] <em>ಮೂಲ : ಶೀಹೋರಿನ ದಾರಿಯನ್ನು.</em>
KNCL,24,2,23,[2] <em>ಅಥವಾ : ಮರುಭೂಮಿಯಲ್ಲಿನ ಕಾಡುಕತ್ತೆ.</em>
KNCL,24,7,31,[1] <em>ಮಕ್ಕಳನ್ನು ಬಲಿಕೊಡುತ್ತಿದ್ದ ಸ್ಥಳ.</em>
KNCL,24,8,13,[1] <em>ಮೂಲ ಅಸ್ಪಷ್ಟ.</em>
KNCL,24,8,22,[2] <em>ಗಿಲ್ಯಾದ್ ಔಷಧದ ಗಿಡಮೂಲಿಕೆಗಳಿಗೆ ಪ್ರಸಿದ್ಧವಾಗಿದ್ದ ಸ್ಥಳ.</em>
KNCL,24,23,12,[1] <em>ಮೂಲ : ದಂಡನೆಯ ವರ್ಷ.</em>
KNCL,24,23,33,[2] <em>‘ಮಸ್ಸಾ’ ಎಂಬ ಹಿಬ್ರ ಮೂಲ ಪದಕ್ಕೆ ‘ದೈವೋಕ್ತಿ’ ಅಥವಾ ‘ಹೊರೆ’ ಎಂಬ ಎರಡು ಅರ್ಥವಿದೆ.</em>
KNCL,24,36,9,[1] <em>ಕ್ರಿ.ಪೂ. ಡಿಸೆಂಬರ್ 604.</em>
KNCL,24,45,1,[1] <em>ಕ್ರಿ.ಪೂ. 605ರಲ್ಲಿ.</em>
KNCL,24,50,21,[1] <em>ಅಂದರೆ: ಅತಿ ದ್ರೋಹದ ದೇಶ; ದಂಡನೆಗೆ ಗುರಿಯಾದ ಸ್ಥಳ.</em>
KNCL,24,51,41,[1] <em>ಅಂದರೆ : ಬಾಬಿಲೋನ್</em>
KNCL,24,51,58,[2] <em>ಕ್ರಿ. ಪೂ. ಸುಮಾರು 593ರಲ್ಲಿ ನಡೆದದ್ದು</em>
KNCL,24,52,4,"[1] <em>ಕ್ರಿ. ಪೂ. 589, ಡಿಸೆಂಬರ್ ಕೊನೆಯಲ್ಲಿ. </em>"
KNCL,24,52,6,"[2] <em>ಕ್ರಿ. ಪೂ. 587, ಜೂನ್ - ಜುಲೈ.</em>"
KNCL,24,52,30,"[3] <em>ಕ್ರಿ. ಪೂ.598, 597, 582 ಇವು ಯೆಹೂದ್ಯರು ಸೆರೆಹೋದ ವರ್ಷಗಳು.</em>"
KNCL,26,1,3,[1] <em>ಅಥವಾ : ಕಸ್ದೀಯಾ.</em>
KNCL,26,1,11,[2] <em>ಅಥವಾ : ಅವುಗಳ ಮುಖಗಳು ಹಾಗೂ ರೆಕ್ಕೆಗಳು.</em>
KNCL,26,8,1,[1] <em>ಕ್ರಿ. ಪೂ. 592ರ ಸೆಪ್ಟೆಂಬರ್ - ಅಕ್ಟೋಬರ್ ತಿಂಗಳು.</em>
KNCL,26,8,2,[2] <em>ಅಥವಾ : ತೇಜೋರೂಪವೊಂದು.</em>
KNCL,26,20,1,[1] ಅಂದರೆ : ಕ್ರಿ. ಪೂ. 591ರ ಜುಲೈ- ಆಗಸ್ಟ್ ರಲ್ಲಿ.
KNCL,26,24,1,[1] <em>ಅಂದರೆ : ಕ್ರಿ. ಪೂ. 589ರ ಡಿಸೆಂಬರ್ - 588ರ ಜನವರಿಯಲ್ಲಿ. </em>
KNCL,26,26,1,[1] <em>ಅಂದರೆ ಕ್ರಿ. ಪೂ. 587 - 586 ಏಪ್ರಿಲ್‍ನಲ್ಲಿ.</em>
KNCL,26,30,20,[1] <em>ಅಂದರೆ : ಕ್ರಿ. ಪೂ. 587ರ ಮಾರ್ಚ್ - ಏಪ್ರಿಲ್‍ನಲ್ಲಿ.</em>
KNCL,26,31,1,[1] <em>ಅಂದರೆ : ಕ್ರಿ. ಪೂ. 587ರ ಮೇ - ಜೂನ್‍ರಲ್ಲಿ.</em>
KNCL,26,32,1,[1] <em>ಅಂದರೆ : ಕ್ರಿ. ಪೂ. 587ರ ಮೇ - ಜೂನರಲ್ಲಿ.</em>
KNCL,26,32,17,[2] <em>ಅಂದರೆ : ಕ್ರಿ. ಪೂ. 586ರ ಮಾರ್ಚ್ - ಏಪ್ರಿಲ್‍ರಲ್ಲಿ.</em>
KNCL,26,33,21,[1] <em>ಅಂದರೆ : ಕ್ರಿ. ಪೂ. 586ರ ಡಿಸೆಂಬರ್ - 585ರ ಜನವರಿಯಲ್ಲಿ.</em>
KNCL,26,35,3,[1] <em>ಅಥವಾ : ಸೆಯೀರ್.</em>
KNCL,26,39,11,[1] <em>ಅಥವಾ : ಮೃತ ಸರೋವರ.</em>
KNCL,26,40,1,[1] <em>ಅಂದರೆ : ಕ್ರಿ. ಪೂ. 573ರ ಸೆಪ್ಟೆಂಬರ್ - ಅಕ್ಟೋಬರಲ್ಲಿ.</em>
KNCL,26,40,5,[2] <em>ಅಥವಾ : ಆರು ಉದ್ದ ಮೊಳ; ಒಂದು ಉದ್ದ ಮೊಳ ಅಂದರೆ ಮೊಳದ ಮೇಲೆ ಒಂದು ಹಿಡಿಯುದ್ದ.</em>
KNCL,26,43,13,[1] <em>ಅಥವಾ : ಉದ್ದ ಮೊಳದ ಅಳತೆಯ ಪ್ರಕಾರ; ‘ಉದ್ದ ಮೊಳ’ ಅಂದರೆ ಮೊಳದ ಮೇಲೆ ಒಂದು ಹಿಡಿಯುದ್ದ.</em>
KNCL,26,45,12,"[1] <em>ನಾಣ್ಯ, ಅಳತೆ ಹಾಗು ತೂಕಗಳ ಪಟ್ಟಿ ನೋಡಿ.</em>"
KNCL,27,7,25,"[1] <em>ಮೂಲ ಒಂದು ಕಾಲ, ಎರಡು ಕಾಲ, ಅರ್ಧಕಾಲ.</em>"
KNCL,27,9,24,[1] <em>ಅಕ್ಷರಶಃ - ಎಪ್ಪತ್ತು ವಾರಗಳು.</em>
KNCL,27,9,25,[2] <em>ಅಕ್ಷರಶಃ ಏಳು ವಾರಗಳು.</em>
KNCL,27,9,25,[3] <em>ಅಕ್ಷರಶಃ - ಅರವತ್ತೆರಡು ವಾರಗಳು.</em>
KNCL,27,9,27,[4] <em>ಅಕ್ಷರಶಃ - ಒಂದು ವಾರ.</em>
KNCL,27,10,13,[1] <em>ಮೂಲ ಅಸ್ಪಷ್ಟ.</em>
KNCL,27,11,5,[1] <em>ಅಥವಾ - ಈಜಿಪ್ಟಿನ ರಾಜನು.</em>
KNCL,27,11,6,[2] <em>ಅಥವಾ - ಸಿರಿಯಾದ ರಾಜನನ್ನು.</em>
KNCL,27,11,16,[3] <em>ಅಥವಾ : ಪಾಲೆಸ್ತಿನ್ ದೇಶವನ್ನು.</em>
KNCL,27,11,30,[4] <em>ಮೂಲದಲ್ಲಿ - ಕಿತ್ತೀಮಿನ.</em>
KNCL,28,1,4,[1] <em>ಅಂದರೆ : ‘ದೇವರ ಬಿತ್ತನೆ’.</em>
KNCL,28,1,11,[2] <em>ಅಥವಾ : ‘ನಾಡಿನ ಎಲ್ಲಾ ಕಡೆಗಳಿಂದ</em>
KNCL,28,2,15,[1] <em>ಅಂದರೆ : ‘ಆಪತ್ತಿನ’.</em>
KNCL,28,3,2,"[1] <em>ನಾಣ್ಯ, ತೂಕ ಹಾಗು ಅಳತೆಗಳ ಪಟ್ಟಿ ನೋಡಿ.</em>"
KNCL,28,4,14,[1] <em>ಅಥವಾ; ಅವರೇ.</em>
KNCL,28,6,11,[1] <em>ಅಥವಾ : ಸುಭಿಕ್ಷೆ.</em>
KNCL,29,3,18,[1] <em>ಜಾಲಿ ಹಳ್ಳ ಹೆಸರು.</em>
KNCL,30,2,11,[1] <em>ಕೂದಲನ್ನು ಕತ್ತರಿಸದೆ ಮದ್ಯಪಾನ ಮಾಡದೆ ಇರುವುದಾಗಿ ವ್ರತವನ್ನು ಕೈಗೊಂಡವರು.</em>
KNCL,30,3,7,"[1] <em>ಅಥವಾ :ಪ್ರಭು, ಒಡೆಯ, ಕರ್ತ.</em>"
KNCL,34,3,8,[1] <em>ಮೂಲ : ಆಮೋನಿಗಿಂತ.</em>
KNCL,34,3,9,[2] <em>ಅಥವಾ : ಎಥಿಯೋಪಿಯಾ.</em>
KNCL,37,1,1,[1] <em>ಮೂಲ : ದಾರ್ಯಾವೇಷ.</em>
KNCL,37,1,1,[2] <em>ಕ್ರಿ. ಪೂ. 520 - ಆಗಸ್ಟ್ ತಿಂಗಳು.</em>
KNCL,37,2,1,[1] <em>ಕ್ರಿ. ಪೂ. 520 ಗುಡಾರಗಳ ಹಬ್ಬದ ಕೊನೆಯ ದಿನ.</em>
KNCL,38,1,1,[1] <em>ಅಂದರೆ ಕ್ರಿ. ಪೂ. 520.</em>
KNCL,38,4,5,[1] <em>ಅರ್ಥವು ಸ್ಪಷ್ಟವಾಗಲೆಂದು 10ರಿಂದ 14ರ ವಚನಗಳನ್ನು ಇಲ್ಲಿಗೆ ಸ್ಥಳಾಂತರಿಸಲಾಗಿದೆ.</em>
KNCL,38,7,1,[1] <em>ಕ್ರಿ. ಪೂ. 518 ನವೆಂಬರ್ ತಿಂಗಳು.</em>
KNCL,38,8,21,[1] <em>ಮೂಲ : ನಾನೂ ಹೋಗುತ್ತೇನೆ.</em>
KNCL,38,14,21,[1] <em>ಅಥವಾ : ಕಾನಾನ್ಯನೂ.</em>
KNCL,40,1,16,"[1] ಗೌರವಾರ್ಥ, ಅಧ್ಯಾಯಗಳ ಆದಿಯಲ್ಲಿ ಹಾಗೂ ಶಿರೋನಾಮಗಳ ಅಡಿಯಲ್ಲಿ ಮೊಟ್ಟಮೊದಲಬಾರಿಗೆ ಬರುವ ‘ಯೇಸು’ ಎಂಬ ಪದಕ್ಕೆ; ‘ಸ್ವಾಮಿ’ ಎಂಬ ಪ್ರತ್ಯಯವನ್ನು ಹಚ್ಚಲಾಗಿದೆ."
KNCL,40,2,1,[1] <em>ಈ ಗ್ರಂಥದಲ್ಲಿ ಕೊಡಲಾಗಿರುವ ಶಿರೋನಾಮೆಗಳೆಲ್ಲವು ಬೈಬಲ್ಲಿನಿಂದ ಆಯ್ದುಕೊಂಡ ವಾಕ್ಯಗಳಲ್ಲ. ಓದುಗರ ಗಮನವನ್ನು ಸೆಳೆಯುವ ಉದ್ದೇಶದಿಂದ ಕೆಲವು ಗಾದೆಗಳನ್ನು ನಾಣ್ನುಡಿಗಳನ್ನು ಹಾಗೂ ಪ್ರಾಸಬದ್ಧ ವಾಕ್ಯಗಳನ್ನು ಶಿರೋನಾಮೆಗಳಾಗಿ ಬಳಸಲಾಗಿವೆ.</em>
KNCL,40,2,11,[2] <em>ಅಥವಾ : ಮೀರಾ ಎಂಬ ರಸಗಂಧ.</em>
KNCL,40,3,11,[1] <em>ಕ್ಲಿಷ್ಟಪದಗಳ ಅರ್ಥ ನೋಡಿ.</em>
KNCL,40,5,22,[1] <em>ಕೆಲವು ಪ್ರತಿಗಳಲ್ಲಿ ಈ ಪದವಿದೆ.</em>
KNCL,40,5,32,[2] <em>ಅಥವಾ ವ್ಯಭಿಚಾರದ.</em>
KNCL,40,5,46,[3] <em>ಯೆಹೂದ್ಯರ ದೃಷ್ಟಿಯಲ್ಲಿ ಬಹಿಷ್ಕೃತರು.</em>
KNCL,40,6,10,[1] <em>ಅಥವಾ : ಪರಲೋಕ.</em>
KNCL,40,6,12,[2] <em>ಮೂಲ : ಸಾಲಗಾರರನ್ನು</em>
KNCL,40,6,13,"[3] <em>ಕೆಲವು ಪ್ರತಿಗಳಲ್ಲಿ, “ರಾಜ್ಯವು, ಶಕ್ತಿಯು ಹಾಗು ಮಹಿಮೆಯು ಯುಗಯುಗಾಂತರಕ್ಕೂ ನಿಮ್ಮದೇ, ಆಮೆನ್.” ಎಂಬ ವಾಕ್ಯವೂ ಇದೆ.</em>"
KNCL,40,6,24,[4] <em>ಮೂಲ : ಮಾಮೋನನಿಗೂ.</em>
KNCL,40,9,10,[1] <em>ಇವರನ್ನು ಯೆಹೂದ್ಯ ಸಮಾಜ ಬಹಿಷ್ಕೃತರೆಂದು ಪರಿಗಣಿಸುತ್ತಿತ್ತು.</em>
KNCL,40,9,35,[2] <em>ಕ್ಲಿಷ್ಟ ಪದಗಳ ಅರ್ಥ ನೋಡಿ.</em>
KNCL,40,10,25,[1] <em>‘ಬೆಲ್ಜೆಬೂಲ್’ ಎಂದರೆ ‘ಪಿಶಾಚಿಗಳ ಒಡೆಯ’.</em>
KNCL,40,11,19,[1] <em>‘ಪಾಪಿಷ್ಠರ’ - ಮೂಲ ‘ಸುಂಕದವರ’.</em>
KNCL,40,11,19,[2] <em>ಕೆಲವು ಪ್ರತಿಗಳಲ್ಲಿ ‘ಜ್ಞಾನಾವಲಂಬಿಗಳಿಂದಲೇ.’</em>
KNCL,40,12,24,[1] <em>‘ಬೆಲ್ಜೆಬೂಲ್’ ಎಂದರೆ ‘ಪಿಶಾಚಿಗಳ ಒಡೆಯ’.</em>
KNCL,40,13,25,[1] <em>ಅಥವಾ: ಹಣಜಿ.</em>
KNCL,40,16,18,"[1] <em>ಮೂಲ - ‘ಪೇತ್ರೊಸ್’, ‘ಪೇತ್ರ’ ಎಂಬ ಗ್ರೀಕ್ ಪದಕ್ಕೆ ಬಂಡೆ ಎಂದು ಅರ್ಥ.</em>"
KNCL,40,16,20,[2] <em>ಅಕ್ಷರಶಃ ‘ಕ್ರಿಸ್ತ’ ಅಥವಾ ‘ಮೆಸ್ಸೀಯ’.</em>
KNCL,40,16,21,[3] <em>‘ಜೀವಂತನಾಗಿ ಏಳಬೇಕಾಗಿದೆ’ ಎಂದೂ ಕೆಲವರು ಭಾಷಾಂತರಿಸಿದ್ದಾರೆ.</em>
KNCL,40,18,11,"[1] <em>ಕೆಲವು ಪ್ರತಿಗಳಲ್ಲಿ : ವಚನ 11: “ನರಪುತ್ರನು ಪತಿತರನ್ನು ಉದ್ಧಾರಮಾಡಲು ಬಂದನು.""</em>"
KNCL,40,18,24,[2] <em>ಮೂಲ - ತಲೆಂತು’; ನಾಣ್ಯಗಳ ಪಟ್ಟಿ ನೋಡಿ.</em>
KNCL,40,18,28,[3] <em>ಮೂಲ - ‘ದಿನಾರಿ’ ನಾಣ್ಯಗಳ ಪಟ್ಟಿ ನೋಡಿ.</em>
KNCL,40,19,9,[1] <em>ಅಥವಾ : ವ್ಯಭಿಚಾರ.</em>
KNCL,40,19,9,[2] <em>ಕೆಲವು ಪ್ರತಿಗಳಲ್ಲಿ : “ಅಂತೆಯೇ ಗಂಡ ಬಿಟ್ಟವಳನ್ನು ಮದುವೆಯಾಗುವವನು ವ್ಯಭಿಚಾರ ಮಾಡುತ್ತಾನೆ” ಎಂದೂ ಇದೆ.</em>
KNCL,40,22,42,[1] <em>ಅಥವಾ : ಕ್ರಿಸ್ತ.</em>
KNCL,40,25,15,[1] <em>ನಾಣ್ಯಗಳ ಪಟ್ಟಿ ನೋಡಿ.</em>
KNCL,40,26,2,[1] <em>ಈಜಿಪ್ಟ್ ದೇಶದ ದಾಸ್ಯದಿಂದ ತಮಗಾದ ಬಿಡುಗಡೆಯ ಸ್ಮರಣಾರ್ಥವಾಗಿ ಯೆಹೂದ್ಯರು ಆಚರಿಸುತ್ತಿದ್ದ ಮುಖ್ಯ ಹಬ್ಬ.</em>
KNCL,40,26,28,[2] <em>“ಹೊಸ ಒಡಂಬಡಿಕೆಯ” ಎಂದೂ ಕೆಲವು ಪ್ರತಿಗಳಲ್ಲಿದೆ.</em>
KNCL,40,28,6,[1] <em>‘ಜೀವಂತರಾಗಿ ಎದ್ದಿದ್ದಾರೆ’ ಎಂದೂ ಕೆಲವರು ಭಾಷಾಂತರಿಸಿದ್ದಾರೆ.</em>
KNCL,40,28,6,[2] <em>ಕೆಲವು ಪ್ರತಿಗಳಲ್ಲಿ “ಸ್ವಾಮಿಯನ್ನಿಟ್ಟಿದ್ದ” ಎಂದಿದೆ.</em>
KNCL,40,28,19,[3] <em>ಅಥವಾ : ಪುತ್ರ.</em>
KNCL,40,28,19,[4] <em>ಅಥವಾ : ಜ್ಞಾನಸ್ನಾನ.</em>
KNCL,41,1,8,[1] <em>ಕ್ಲಿಷ್ಟಪದಗಳ ಅರ್ಥ ನೋಡಿ.</em>
KNCL,41,2,15,[1] <em>ಇವರನ್ನು ಯೆಹೂದ್ಯ ಸಮಾಜ ಬಹಿಷ್ಕೃತರೆಂದು ಪರಿಗಣಿಸುತ್ತಿತ್ತು.</em>
KNCL,41,2,15,[2] <em>ಇವರನ್ನು ಯೆಹೂದ್ಯ ಸಮಾಜ ಬಹಿಷ್ಕೃತರೆಂದು ಪರಿಗಣಿಸುತ್ತಿತ್ತು.</em>
KNCL,41,8,29,[1] <em>ಅಂದರೆ ‘ಕ್ರಿಸ್ತ’ ಅಥವಾ ‘ಮೆಸ್ಸೀಯ.’</em>
KNCL,41,11,26,"[1] <em>ಆದರೆ ನೀವು ಕ್ಷಮಿಸದೆಹೋದರೆ, ಸ್ವರ್ಗದಲ್ಲಿರುವ ನಿಮ್ಮ ತಂದೆಯೂ ಸಹ ನಿಮ್ಮ ತಪ್ಪುಗಳನ್ನು ಕ್ಷಮಿಸರು” ಎಂದರು. ಈ ವಚನ ಕೆಲವು ಪ್ರತಿಗಳಲ್ಲಿ ಮಾತ್ರ ಇದೆ.</em>"
KNCL,41,14,24,[1] <em>ಕೆಲವು ಪ್ರತಿಗಳಲ್ಲಿ : ‘ಹೊಸ ಒಡಂಬಡಿಕೆಯ ರಕ್ತ’ ಎಂದು ಬರೆದಿದೆ.</em>
KNCL,41,16,6,[1] <em>“ಅವರು ಜೀವಂತರಾಗಿ ಎದ್ದಿದ್ದಾರೆ” ಎಂದೂ ಕೆಲವರು ಭಾಷಾಂತರಿಸಿದ್ದಾರೆ.</em>
KNCL,41,16,16,[2] <em>ಅಥವಾ : ಜ್ಞಾನಸ್ನಾನ</em>
KNCL,41,16,20,[3] <em>ಕೆಲವು ಪ್ರತಿಗಳಲ್ಲಿರುವ ಇತರ ಮುಕ್ತಾಯ ವಚನಗಳು.</em>
KNCL,42,2,26,[1] <em>ಅಥವಾ : ಕ್ರಿಸ್ತ.</em>
KNCL,42,2,35,[2] <em>ಈ ಕಂಸಗಳಲ್ಲಿ ಬರುವ ವಾಕ್ಯಗಳು ಕೆಲವು ಹಸ್ತಪ್ರತಿಗಳಲ್ಲಿ ಇಲ್ಲ.</em>
KNCL,42,3,1,[1] <em>ಅಥವಾ : ಪೊಂತಿಯ.</em>
KNCL,42,3,20,[2] <em>ಕ್ಲಿಷ್ಟ ಪದಗಳ ಅರ್ಥನೋಡಿ.</em>
KNCL,42,9,20,[1] <em>‘ಕ್ರಿಸ್ತ’ ಅಥವಾ ‘ಮೆಸ್ಸೀಯ’.</em>
KNCL,42,9,22,[2] <em>“ಜೀವಂತನಾಗಿ ಎದ್ದು ಬರುವನು” ಎಂದೂ ಕೆಲವರು ಭಾಷಾಂತರಿಸಿದ್ದಾರೆ.</em>
KNCL,42,10,1,[1] <em>ಕೆಲವು ಪ್ರತಿಗಳಲ್ಲಿ ‘ಎಪ್ಪತ್ತು’ ಎಂದಿದೆ.</em>
KNCL,42,10,32,[2] <em>ಧಾರ್ಮಿಕ ವಿಧಿಗಳನ್ನು ನೆರವೇರಿಸುವುದರಲ್ಲಿ ಯಾಜಕನಿಗೆ ಸಹಾಯಕ.</em>
KNCL,42,24,5,"[1] <em>ಜೀವಂತರಾಗಿ ಎದ್ದಿದ್ದಾರೆ,’ ಎಂದೂ ಕೆಲವರು ಭಾಷಾಂತರಿಸಿದ್ದಾರೆ.</em>"
KNCL,43,1,1,"[1] <em>ಅಥವಾ : ‘ವಾಕ್ಕು’, ‘ವಾಕ್ಯ’, ‘ಶಬ್ಧ’, ‘ನುಡಿ’, ‘ಮಾತು’, ಅಂದರೆ ಕ್ರಿಸ್ತ ಯೇಸು.</em>"
KNCL,43,1,14,[2] <em>ಅಥವಾ : ‘ಅನುಗ್ರಹದಿಂದಲೂ’.</em>
KNCL,43,1,20,[3] <em>ಕ್ರಿಸ್ತ.</em>
KNCL,43,3,3,[1] <em>ಮೂಲದಲ್ಲಿ : ಮೇಲಿನಿಂದ ಹುಟ್ಟಿದ ಹೊರತು.</em>
KNCL,43,5,3,[1] ಕೆಲವು ಪ್ರತಿಗಳಲ್ಲಿ : 4 <em>ನೀರು ಉಕ್ಕುವುದನ್ನೇ ಅವರು ಕಾದು ನೋಡುತ್ತಿದ್ದರು. ಕಾರಣ - ಕೆಲವೊಮ್ಮೆ ದೇವದೂತನು ಇಳಿದುಬಂದು ನೀರನ್ನು ಕದಡಿಸುತ್ತಿದ್ದನು. ಕದಡಿದೊಡನೆ ಮೊತ್ತ ಮೊದಲು ಕೊಳಕ್ಕಿಳಿದವನು ಯಾವ ರೋಗದಿಂದ ನರಳುತ್ತಿದ್ದರೂ ಗುಣಹೊಂದುತ್ತಿದ್ದನು.</em>
KNCL,43,14,16,"[1] <em>ಅಥವಾ : ‘ವಕೀಲ’, ಶಾಂತಿದಾತ, ಆಶ್ರಯದಾತ.</em>"
KNCL,44,2,1,[1] <em>ಯೆಹೂದ್ಯರಸುಗ್ಗಿಹಬ್ಬದ ದಿನ : ಮೋಶೆ ಮುಖಾಂತರ ದಶನಿಯಮಗಳನ್ನು ಪಡೆದ ಸ್ಮರಣಾರ್ಥ ದಿನ.</em>
KNCL,44,2,9,[2] <em>ಏಷ್ಯ ಮೈನರ್.</em>
KNCL,44,2,36,[3] <em>ಕ್ರಿಸ್ತನನ್ನಾಗಿಯೂ.</em>
KNCL,44,2,38,[4] <em>ಅಥವಾ : ‘ಜ್ಞಾನಸ್ನಾನವನ್ನು.’</em>
KNCL,44,3,14,[1] <em>ಅಥವಾ : ನೀತಿಸ್ವರೂಪರು.</em>
KNCL,44,6,9,[1] <em>ಇವರು ಮೊದಲು ಗುಲಾಮರಾಗಿದ್ದು ಅನಂತರ ಬಿಡುಗಡೆಯನ್ನು ಕೊಂಡುಕೊಂಡ ಯೆಹೂದ್ಯರು.</em>
KNCL,44,9,36,[1] <em>ಎಂದರೆ ‘ಹರಿಣಿ.</em>
KNCL,44,10,19,"[1] <em>ಕೆಲವು ಪ್ರತಿಗಳಲ್ಲಿ ‘ಇಬ್ಬರು’ ಎಂದೂ, ಇನ್ನಿತರ ಪ್ರತಿಗಳಲ್ಲಿ ‘ಕೆಲವರು’ ಎಂದೂ ಇದೆ.</em>"
KNCL,44,10,30,[2] <em>“ಉಪವಾಸವಿದ್ದು ಪ್ರಾರ್ಥನೆ ಮಾಡುತ್ತಾ ಇದ್ದೆ” ಎಂದು ಕೆಲವು ಪ್ರತಿಗಳಲ್ಲಿದೆ.</em>
KNCL,44,13,18,"[1] <em>ಅಥವಾ : ಸಹಿಸಿಕೊಂಡರು.""</em>"
KNCL,44,15,34,[1] <em>ಕೆಲವು ಪ್ರತಿಗಳಲ್ಲಿ ಈ ವಚನವೂ ಇದೆ.</em>
KNCL,44,17,19,[1] <em>ನಗರಸಭೆ ಕೂಡುತ್ತಿದ್ದ ಸ್ಥಳ.</em>
KNCL,44,20,28,[1] <em>ಕೆಲವು ಪ್ರತಿಗಳಲ್ಲಿ ‘ದೇವರು ಎಂದಿದೆ.</em>
KNCL,44,22,14,[1] <em>ಅಥವಾ : ನೀತಿಸ್ವರೂಪರನ್ನು.</em>
KNCL,44,22,24,"[2] <em>ಅಥವಾ :’ಟ್ರಿಬ್ಯೂನ್’, ‘ರೋಮನ್ ಕಮಾಂಡರ್’.</em>"
KNCL,45,1,17,"[1] <em>ಅಥವಾ : “ಯಾರು ವಿಶ್ವಾಸದಿಂದ ದೇವರೊಡನೆ ಸತ್ಸಂಬಂಧ ಹೊಂದಿರುತ್ತಾರೋ ಅವರು ಸಜ್ಜೀವವನ್ನು ಪಡೆಯುವರು.""</em>"
KNCL,45,8,10,[1] <em>ಅಥವಾ : ನಿಮ್ಮ ಆತ್ಮವು ಜೀವಂತವಾಗಿರುತ್ತದೆ.</em>
KNCL,45,9,5,[1] <em>ಅಥವಾ : ಇವರು ಸಮಸ್ತಕ್ಕೂ ಒಡೆಯರು. ದೇವರಿಗೆ ಯುಗಯುಗಾಂತರಕ್ಕೂ ಸ್ತೋತ್ರ ಸಲ್ಲಲಿ.</em>
KNCL,46,2,6,[1] <em>ವಿಶ್ವಾಸದಲ್ಲಿ ವಿಕಸಿತರಾದವರೊಡನೆ.</em>
KNCL,46,7,36,[1] <em>ಅಥವಾ : ಒಬ್ಬನು ತನ್ನ ಮಗಳಿಗೆ ಮದುವೆ ಇಲ್ಲದಿರುವುದು ಅವಮರ್ಯಾದೆಯೆಂದು ಭಾವಿಸಿದರೆ ಮತ್ತು ಆಕೆಗೆ ಪ್ರಾಯ ಕಳೆದುಹೋಗುತ್ತಿದೆಯಲ್ಲಾ ಎಂದು ಚಿಂತಿಸುವುದಾದರೆ ತನ್ನ ಇಷ್ಟದಂತೆ ಮದುವೆಮಾಡಿಕೊಡಲಿ. ಅದು ಪಾಪವಲ್ಲ.</em>
KNCL,46,16,22,[1] <em>ಅಥವಾ : ‘ಮಾರನ್‍ ಅಥೆ’ - ಪ್ರಭು ಬರುತ್ತಾರೆ.</em>
KNCL,47,3,2,[1] <em>ಅಥವಾ : ನಿಮ್ಮ.</em>
KNCL,48,3,27,[1] <em>ಅಕ್ಷರಶಃ : ಕ್ರಿಸ್ತರನ್ನು ಧರಿಸಿಕೊಂಡಿದ್ದೀರಿ.</em>
KNCL,48,4,28,[1] <em>ಅಥವಾ : ನಾವು.</em>
KNCL,49,5,13,[1] <em>ಅಥವಾ : ಎಲ್ಲಿ ಬೆಳಕಿರುತ್ತದೋ ಅಲ್ಲಿ ಎಲ್ಲವೂ ಸ್ಪಷ್ಟವಾಗಿ ಗೋಚರಿಸುತ್ತದೆ.</em>
KNCL,50,2,11,[1] <em>ಅಥವಾ ‘ಸರ್ವೇಶ್ವರ’ : ಯೆಶಾಯ 45:23 ನೋಡಿ.</em>
KNCL,50,4,3,"[1] <em>ಅಥವಾ : “ಸೀಗಸ್.""</em>"
KNCL,52,4,4,[1] <em>ಅಥವಾ : ತನ್ನ ದೇಹವನ್ನು ನಿಯಂತ್ರಿಸಿಕೊಳ್ಳಬೇಕು.</em>
KNCL,52,4,16,[2] <em>ಅಥವಾ : ಕ್ರಿಸ್ತರಲ್ಲಿರುವ ಮೃತರಾದವರು.</em>
KNCL,54,2,13,[1] <em>ಅಥವಾ : ಏವಳನ್ನು.</em>
KNCL,54,3,11,[1] <em>ಅಥವಾ : ಸಭಾಸೇವಕರ ಪತ್ನಿಯರು.</em>
KNCL,57,1,9,[1] <em>ರಾಯಭಾರಿ ಎಂಬ ಅರ್ಥವೂ ಇದೆ.</em>
KNCL,58,2,7,[1] <em>ಅಥವಾ : ನರಮಾನವನು.</em>
KNCL,58,9,13,[1] <em>ಅಥವಾ ಬಲಿಪ್ರಾಣಿಗಳ.</em>
KNCL,59,4,5,[1] <em>ದೇವರು ನಮ್ಮಲ್ಲಿ ನೆಲೆಯಾಗಿರಿಸಿರುವ ಪವಿತ್ರಾತ್ಮರು ನಮಗೋಸ್ಕರ ಅತ್ಯಾಸಕ್ತಿಯಿಂದ ಹಂಬಲಿಸುತ್ತಾರೆ.</em>
KNCL,59,5,20,[1] <em>ಅಥವಾ : ‘ಅವನ.</em>
KNCL,66,1,8,"[1] <em>ಅಥವಾ : ಆದಿಯೂ ನಾನೇ, ಅಂತ್ಯವೂ ನಾನೇ.</em>"
KNCL,66,5,6,"[1] <em>ಅಥವಾ : ಯಜ್ಞದ ಕುರಿಮರಿ, ಬಲಿಪ್ರಾಣಿಯಾದ ಕುರಿಮರಿ.</em>"
KNCL,66,8,11,"[1] <em>ಅಥವಾ : ಮಾಚಿಪತ್ರೆ.""</em>"
KNCL,66,9,11,[1] <em>ಅಂದರೆ : ವಿದ್ವಂಸಕ ಎಂದು ಅರ್ಥ.</em>
KNCL,66,19,1,[1] <em>ಅಥವಾ : ಹಲ್ಲೆಲೂಯ. ಅಂದರೆ : ದೇವರಿಗೆ ಸ್ತುತಿಸಲ್ಲಲಿ.</em>
KNCL,66,22,21,[1] <em>ಕೆಲವು ಪ್ರತಿಗಳಲ್ಲಿ ‘ದೇವಜನರಲ್ಲಿ’ ಎಂದೂ ಮತ್ತೆ ಕೆಲವು ಪ್ರತಿಗಳಲ್ಲಿ ‘ದೇವಜನರೆಲ್ಲರಲ್ಲೂ ಎಂದೂ ಇದೆ.</em>
