book_number,chapter_number_from,verse_number_from,chapter_number_to,verse_number_to,marker,text
1,1,2,0,0,[1],"ಅಥವಾ <em>ದೇವರ ಶಕ್ತಿ, ಉಸಿರು, ಮಾರುತ.</em>"
1,1,4,0,0,[2],ಅಥವಾ <em>ಚೆನ್ನಾಗಿತ್ತು.</em>
1,1,26,0,0,[3],ಹೀಬ್ರೂ ಭಾಷೆಯಲ್ಲಿ <em>‘ಆದಾಮಾ’ </em>ಎಂದರೆ ಮಣ್ಣಿನಿಂದ ಆದವನು.
1,2,5,0,0,[1],‘ಸರ್ವೇಶ್ವರ’ ಎಂಬ ಪದ ಅಧ್ಯಾಯದ ಅಥವಾ ಶಿರೋನಾಮೆಯ ಅಡಿಯಲ್ಲಿ ಮೊದಲಬಾರಿಗೆ ಬಂದಾಗ “ಸ್ವಾಮಿ” ಎಂಬ ಪ್ರತ್ಯಯವನ್ನು ಗೌರವಾರ್ಥ ಕೂಡಿಸಲಾಗಿದೆ.
1,2,13,0,0,[2],<em>ಕೂಷ್ - (ಮೆಸೊಪೊಟೇಮಿಯದ) ಅಥವಾ ಸುಡಾನ್. </em>
1,2,23,0,0,[3],ಹಿಬ್ರು ಭಾಷೆಯಲ್ಲಿ ‘ಇಷ್’ ಎಂದರೆ ಗಂಡು.
1,2,23,0,0,[4],ಹಿಬ್ರು ಭಾಷೆಯಲ್ಲಿ ‘ಇಷಾ’ ಎಂದರೆ ಹೆಣ್ಣು.
1,3,20,0,0,[1],<em>‘ಹವ್ವ’ ಎಂದರೆ ಜೀವ.</em>
1,4,1,0,0,[1],ಹಿಬ್ರು ಭಾಷೆಯಲ್ಲಿ “ಪಡೆ - ಹಡೆ’ ಎಂದು ಅರ್ಥ.
1,4,16,0,0,[2],<em>ಮೂಲ - ‘ನೋದ್’.</em>
1,4,25,0,0,[3],<em>ಅಂದರೆ - ಅನುಗ್ರಹಿಸಲ್ಪಟ್ಟವನು.</em>
1,5,29,0,0,[1],"<em>ಅಂದರೆ - “ನೆಮ್ಮದಿ"".</em>"
1,6,14,0,0,[1],"<em>ಅಥವಾ: “ಮಂಜೂಷ"".</em>"
1,9,27,0,0,[1],"<em>ಅಂದರೆ - “ಅಭಿವೃದ್ಧಿ"".</em>"
1,11,9,0,0,[1],"<em>ಅಥವಾ: ಬಾಬೆಲ್ ಅಂದರೆ “ಅಸ್ತವ್ಯಸ್ತ”, “ಗಲಿಬಿಲಿ"".</em>"
1,11,28,0,0,[2],"<em>ಅಥವಾ: ಕಲ್ದೀಯ, ಕಸ್ದೀಯ.</em>"
1,14,2,14,3,[1],<em>ಅಥವಾ: ಮೃತ್ಯುಸಾಗರ. </em>
1,14,6,0,0,[2],<em>ಅಥವಾ: ಸೇಯಿರ್.</em>
1,16,11,0,0,[1],"<em>ಎಂದರೆ, “ದೇವರು ಆಲಿಸುತ್ತಾರೆ. </em>"
1,16,13,0,0,[2],<em>ಅಥವಾ: ‘ಎಲ್ ರೋಯಿ’.</em>
1,17,15,0,0,[1],"<em>ಅಥವಾ: ‘ಸಾರಾಯಿ’ ಎಂದರೆ “ರಾಜಕುಮಾರಿ"".</em>"
1,17,19,0,0,[2],"<em>ಎಂದರೆ, “ನಗು”, “ಆಟ"".</em>"
1,20,1,0,0,[1],<em>ಅಥವಾ: ನೇಗೆಬ್ಗೆ.</em>
1,22,14,0,0,[1],"<em>ಅಂದರೆ, ""ಒದಗಿಸುವ ಒಡೆಯ"".</em>"
1,24,9,0,0,[1],<em>ಮಾಡಿದ ಪ್ರಮಾಣಕ್ಕೆ ಬದ್ಧರಾಗಬೇಕೆಂದು ಯೆಹೂದ್ಯರು ಹೀಗೆ ಮಾಡುತ್ತಿದ್ದರು.</em>
1,24,10,0,0,[2],"<em>ಅಥವಾ: ಆರಾಮ್, ಪದ್ದನ್ ಆರಾಮ್.</em>"
1,25,20,0,0,[1],<em>ಅಥವಾ: ಪದ್ದನ್‍ ಆರಾಮ್.</em>
1,25,25,0,0,[2],"<em>ಅಂದರೆ “ತುಂಬ ಕೂದಲುಳ್ಳ"".</em>"
1,25,26,0,0,[3],"<em>ಅಂದರೆ “ವಂಚಕ"".</em>"
1,26,20,0,0,[1],<em>ಅಂದರೆ: ಕಿತ್ತಲಾಟ.</em>
1,26,21,0,0,[2],ಅಂದರೆ: ವೈರ್ಯ.
1,26,22,0,0,[3],<em>ಅಂರೆ: ಸ್ವಾತಂತ್ರ್ಯ.</em>
1,26,33,0,0,[4],"<em>ಅಂದರೆ: ""ವ್ರತ"".</em>"
1,28,19,0,0,[1],"<em>ಎಂದರೆ : ""ದೇವಮಂದಿರ"".</em>"
1,29,28,0,0,[1],<em>ಅಥವಾ: ರಾಹೇಲಳನ್ನೂ.</em>
1,29,35,0,0,[2],"<em>ಎಂದರೆ, “ಸ್ತುತಿ"".</em>"
1,30,24,0,0,[1],"<em>“ಇನ್ನೊಬ್ಬನನ್ನು ಅನುಗ್ರಹಿಸು"".</em>"
1,32,2,0,0,[1],<em>ಎಂದರೆ : ಎರಡು ಪಾಳೆಯಗಳು.</em>
1,32,28,0,0,[2],<em>ಎಂದರೆ : ದೇವರ ಸಂಗಡ ಹೋರಾಡಿದವನು.</em>
1,32,30,0,0,[3],<em>ಎಂದರೆ - ದೇವರ ದರ್ಶನ.</em>
1,33,14,0,0,[1],<em>ಅಥವಾ: ಸೇಯೀರಿಗೆ.</em>
1,33,17,0,0,[2],<em>ಎಂದರೆ - ಚಪ್ಪರಗಳು.</em>
1,33,20,0,0,[3],<em>ಎಂದರೆ : ‘ಇಸ್ರಯೇಲಿನ ದೇವರು’ ಎಂದು ಅರ್ಥ.</em>
1,35,7,0,0,[1],<em>ಎಂದರೆ - ಬೇತೇಲಿನ ದೇವರು.</em>
1,35,8,0,0,[2],<em>ಎಂದರೆ - ಶೋಕದ ಓಕ್ ಮರ.</em>
1,35,18,0,0,[3],"<em>ಹಿಬ್ರೂ ಮೂಲ “ಎಲ್ ಶದ್ಧಯ್"".</em>"
1,35,18,0,0,[4],<em>ಅದೃಷ್ಟವಂತನ ಮಗ</em>
1,41,51,0,0,[1],<em>ಎಂದರೆ : ಪ್ರಜ್ಞಾಹೀನ.</em>
1,41,52,0,0,[2],"<em>ಎಂದರೆ : ಫಲಪ್ರದ, ಸಂತಾನಭಾಗ್ಯ.</em>"
1,45,8,0,0,[1],<em>ಅಥವಾ: ಪಿತೃ.</em>
2,2,10,0,0,[1],"<em>‘ಮೋಶೆ, ಎಂಬ ಹಿಬ್ರು ಪದಕ್ಕೆ ‘ಎತ್ತಲಾದವನು’ ಎಂದರ್ಥ.</em>"
2,3,14,0,0,[1],"<em>‘ಇರುವವನು’ (’ಯಾವೆ’) ಈ ಪದಕ್ಕೆ ‘ಇರು, ಇರುವಾತ, ಇರುವಾಗಿಸುವಾತ, ಇರುವಂಥ ಅಥವಾ ಸ್ವಯಂಭೂ ಎಂದೆಲ್ಲ ಅರ್ಥವಿದೆ.</em>"
2,6,3,0,0,[1],ಅಥವಾ : EL SHADDAI.
2,7,1,0,0,[1],ಅಥವಾ : ದೇವರಸ್ಥಾನದಲ್ಲಿ.
2,8,15,0,0,[1],<em>ಅಥವಾ: ಸೊಳ್ಳೆ.</em>
2,8,23,0,0,[2],<em>ವ್ಯತ್ಯಾಸ …ನನ್ನ ಜನರನ್ನು ನಿನ್ನ ಜನರಿಂದ ವಿಮುಕ್ತಗೊಳಿಸುವೆನು.</em>
2,12,11,0,0,[1],"<em>‘ಪಾಸ್ಕ’ ಎಂಬ ಪದದ ಮೂಲಾರ್ಥ ತಿಳಿದಿಲ್ಲ. ದೇವರು ಈಜಿಪ್ಟರಿಗೆ ಹಾನಿ ಮಾಡಿದಂತೆ ಇಸ್ರಯೇಲರಿಗೆ ಮಾಡದೆ ಅವರ ಮನೆಮಾರುಗಳನ್ನು ‘ದಾಟಿಹೋದರು,’’ಬಿಟ್ಟುಹೋದರು’ ಹೀಗೆ ‘ರಕ್ಷಿಸಿದರು’ ಎಂಬ ಅರ್ಥದಲ್ಲಿ ಈ ಪದವನ್ನು ವಚನ 13, 23 ಹಾಗು 27ರಲ್ಲಿ ಬಳಸಲಾಗಿದೆ.</em>"
2,13,4,0,0,[1],<em>ಅಥವಾ: 'ನಿಸಾನ್' ಮಾಸ. ಮಾರ್ಚ್-ಏಪ್ರಿಲ್; ಹಿಬ್ರು ಪಂಚಾಂಗವನ್ನು ನೋಡಿ.</em>
2,14,2,0,0,[1],<em>ಅಕ್ಷರಶಃ ಜೊಂಡು ಹುಲ್ಲಿನ ಸಮುದ್ರ: ಇಂದಿನ ಸೂಯೆಜ್ ಕೊಲ್ಲಿ.</em>
2,15,23,0,0,[1],<em>ಅಥವಾ: ‘ಕಹಿಯಾದ’ ಸ್ಥಳ.</em>
2,16,15,0,0,[1],<em>ಅಕ್ಷರಶಃ ‘ಇದೇನಿದು!’.</em>
2,16,16,0,0,[2],<em>ಅಥವಾ: ಒಂದು’ಹೋಮೇರ್’ ಅಂತೆ.</em>
2,16,31,0,0,[3],<em>ಕ್ಲಿಷ್ಟ ಪದಗಳ ಅರ್ಥ ನೋಡಿ.</em>
2,17,7,0,0,[1],<em>‘ಮಸ್ಸಾ’ ಅಂದರೆ: ಪರೀಕ್ಷೆಗೆ ಈಡುಮಾಡು ತನಿಖೆಮಾಡಿ ನೋಡು.</em>
2,17,7,0,0,[2],<em>‘ಮೆರೀಬಾ’ ಎಂದರೆ ತರ್ಕ ಅಥವಾ ವಾಗ್ವಾದ.</em>
2,17,15,0,0,[3],"<em>‘ಯಾವ್ವೆನಿಸ್ಸಿ’ ಅಂದರೆ ಸರ್ವೇಶ್ವರನೇ ನನ್ನ ಪತಾಕೆ, ಬಾವುಟ.</em>"
2,18,4,0,0,[1],<em>ಅಥವಾ: ‘ದೇವರು ನನ್ನ ಸಹಾಯಕ’.</em>
2,19,19,0,0,[1],<em>ಕನ್ನಡದಲ್ಲಿ ಇರುವ ಹಾಗೆ ಹೀಬ್ರು ಮೂಲ ಪದಕ್ಕೆ ಗುಡುಗು ಅಥವಾ ಗಟ್ಟಿಯಾಗಿ ಕೂಗು ಎಂಬ ಎರಡು ಅರ್ಥವೂ ಇದೆ.</em>
2,25,7,0,0,[1],<em>ಅಥವಾ: 'ಏಫೊದ್’ ಕ್ಲಿಷ್ಟಪದಗಳ ಅರ್ಥ ನೋಡಿ.</em>
2,25,31,0,0,[2],<em>ಅಥವಾ: ವೃಕ್ಷಾಕಾರದ ದೀಪಸ್ತಂಭ.</em>
2,29,40,0,0,[1],"<em>ಅಥವಾ: ಒಂದು ಹಿನ್’ ಹಣ, ಅಳತೆ ಹಾಗು ತೂಕಗಳ ಪಟ್ಟಿ ನೋಡಿ.</em>"
2,29,40,0,0,[2],ಅಥವಾ ಒಂದು ‘ಏಫಾ’.
2,30,13,0,0,[1],"<em>ಅಥವಾ: ‘ಶೆಕೆಲಾ’, ‘ಗೇರಾ’.</em>"
2,30,13,0,0,[2],"<em>ಹಣ, ಅಳತೆ ಹಾಗು ತೂಕಗಳ ಪಟ್ಟಿ ನೋಡಿ</em>"
2,30,23,0,0,[3],"<em>ಅಥವಾ: 500 ತೊಲ; ಹಣ, ಅಳತೆ ಹಾಗು ತೂಕಗಳ ಪಟ್ಟಿ ನೋಡಿ.</em>"
2,32,29,0,0,[1],<em>ಹಿಬ್ರು ಮೂಲ: ಪ್ರತಿಷ್ಠಾಪಿಸಿಕೊಳ್ಳಿರಿ.</em>
2,34,5,0,0,[1],<em>ಅಥವಾ:ಯೆಹೋವ; ಯಾಹುವೆ.</em>
3,8,8,0,0,[1],<em>ಊರಿಮ್ ಮತ್ತು ತುಮ್ಮೀಮ್ - ದೈವೇಚ್ಛೆಯನ್ನು ಕಂಡುಹಿಡಿಯಲು ಯಾಜಕ ಬಳಸುತ್ತಿದ್ದ ಪಗಡೆಯಂಥ ದಾಳಗಳು.</em>
3,8,9,0,0,[2],<em>ಸಿರಿಪೇಟ- ಪೂಜೆ ಪುರಸ್ಕಾರಗಳ ಸಂದರ್ಭದಲ್ಲಿ ಯಾಜಕ ಧರಿಸುತ್ತಿದ್ದ ವಿಶೇಷವಾದ ಪೇಟ.</em>
3,14,21,0,0,[1],"<em>ಅಥವಾ: ಮೂರು ಸೇರು - ಹಣ, ಅಳತೆ ಹಾಗು ತೂಕಗಳ ಪಟ್ಟಿ ನೋಡಿ.</em>"
3,16,8,0,0,[1],"<em>ಹೀಬ್ರೂ ಮೂಲಪದದ ಅರ್ಥ:""ಆಡು” ಅಥವಾ “ಮೇಕೆ"". ಪ್ರಾಚೀನ ಹಿಬ್ರಿಯರ ಹಾಗೂ ಕಾನಾನಿನ ಆದಿವಾಸಿಗಳ ಅಭಿಪ್ರಾಯದಂತೆ ಪಾಳುಬಿದ್ದ ಸ್ಥಳಗಳನ್ನೂ, ಕಾಡುಪ್ರದೇಶಗಳನ್ನೂ ಕಾಡುತ್ತಿದ್ದ ಒಂದು ದೆವ್ವದ ಹೆಸರು.</em>"
3,17,7,0,0,[1],"<em>ಹಿಂದಿನ ಅಧ್ಯಾಯದ, ವಚನ 8ರ ಅಡಿ ಟಿಪ್ಪಣಿಯನ್ನು ನೋಡಿ.</em>"
3,18,21,0,0,[1],<em>ಪುರಾತನ ಕಾನಾನಿಯರ ಒಬ್ಬ ದೇವತೆ.</em>
3,19,29,0,0,[1],<em>ಕಾನಾನ್ ನಾಡಿನ ಆದಿವಾಸಿಗಳ ದೇವಾಲಯಗಳಲ್ಲಿ ದೇವದಾಸಿ ಪದ್ಧತಿಯಿತ್ತು.</em>
3,23,13,0,0,[1],"<em>ಅಥವಾ: ಆರು ’ಸೇರು’ ಹಣ, ಅಳತೆ ಹಾಗು ತೂಕಗಳ ಪಟ್ಟಿ ನೋಡಿ.</em>"
4,3,46,0,0,[1],"<em>ಅಥವಾ: ಐದೈದು ಶೆಕೆಲ್ ನಾಣ್ಯ. ಅಥವಾ: ಇಪ್ಪತ್ತು ‘ಗೇರಾ’ ತೂಕದ ನಾಣ್ಯ. ಹಣ, ಅಳತೆ ಹಾಗೂ ತೂಕದ ಪಟ್ಟಿ ನೋಡಿ.</em>"
4,11,32,0,0,[1],"<em>ಅಥವಾ: ಹತ್ತು ‘ಹೋಮೆರ್’ ಅಷ್ಟು. ಹಣ, ಅಳತೆ ಹಾಗು ತೂಕಗಳ ಪಟ್ಟಿ ನೋಡಿ.</em>"
4,12,1,0,0,[1],<em>ಅಂದರೆ ಮಿಡಿಯಾನರ ಅಥವಾ ಸುಡಾನಿನ.</em>
4,13,23,0,0,[1],<em>ಎಷ್ಕೋಲ್ - ಅಕ್ಷರಶಃ ದ್ರಾಕ್ಷಿಗೊಂಚಲು.</em>
4,13,33,0,0,[2],<em>ಅಥವಾ: ರಾಕ್ಷಸಾಕಾರದವರನ್ನು</em>
4,14,10,0,0,[1],<em>ಅಥವಾ: ಮಹಿಮೆ.</em>
4,16,33,0,0,[1],<em>ಅಕ್ಷರಶಃ “ಶೆಯೋಲ್” - ಇದರ ಮೂಲಾರ್ಥ ಅಸ್ಪಷ್ಟ. ಸತ್ತಮೇಲೆ ಸಜ್ಜನರೂ ದುರ್ಜನರೂ ಸೇರುವ ಸುಖದುಃಖ ಇಲ್ಲದ ಕೆಳಗಣ ಲೋಕ. ಸ್ವರ್ಗನರಕಗಳ ಭಾವನೆ ಇನ್ನೂ ಅವರಿಗೆ ಬಂದಿರಲಿಲ್ಲ.</em>
4,20,7,0,0,[1],"<em>ಅಂದರೆ, ಮಂಜೂಷದ ಮುಂದಿದ್ದ ಆರೋನನ ಕೋಲು.</em>"
4,21,3,0,0,[1],<em>ಅಂದರೆ ‘ಪರಿವಿನಾಶ‘.</em>
5,1,28,0,0,[1],<em>ಅಥವಾ : ರಾಕ್ಷಸಾಕಾರದ ವಂಶಸ್ಥರನ್ನು</em>
5,3,11,0,0,[1],<em>ಅಥವಾ : ಸುಮಾರು ನಾಲ್ಕು ಮೀಟರು ಉದ್ದ; ಎರಡು ಮೀಟರು ಅಗಲ.</em>
5,4,10,0,0,[1],<em>ಅಥವಾ : ಸೀನಾಯ್ ಪರ್ವತದಲ್ಲಿ.</em>
5,5,12,0,0,[1],ಅಥವಾ : ಸಬ್ಬತ್.
5,6,11,0,0,[1],<em>ಅಥವಾ : ನೀವು.</em>
5,11,24,0,0,[1],<em>ಅಥವಾ : ಭೂಮಧ್ಯಸಮುದ್ರ.</em>
5,32,5,0,0,[1],<em>ಈ ಪಂಕ್ತಿ ಹಿಬ್ರು ಮೂಲದಲ್ಲಿಲ್ಲ.</em>
5,32,15,0,0,[2],"<em>ಅಥವಾ : ನೀವಾದರೋ, ಮೂಲ ಅಸ್ಪಷ್ಟ.</em>"
5,34,6,0,0,[1],<em>ಹಿಬ್ರು ಮೂಲದಲ್ಲಿ ಸರ್ವೇಶ್ವರನೆ ಸಮಾಧಿಮಾಡಿದರು ಎಂದಿದೆ.</em>
6,3,1,0,0,[1],<em>ಕೆಂಪು ಸಮುದ್ರವನ್ನು ದಾಟಿದ್ದು ಹಾಗು ಕಾನಾನ್ ನಾಡನ್ನು ಪ್ರವೇಶಿಸಿದ್ದು ಈ ಘಟನೆಗಳೆರಡನ್ನೂ ಹೋಲಿಸಿ ನೋಡಬಹುದು.</em>
6,7,19,0,0,[1],<em>ಅಥವಾ : ನಿನ್ನ ಪಾಪಗಳನ್ನು ನಿವೇದಿಸು.</em>
6,7,21,0,0,[2],<em>ಅಥವಾ : 200 ಶೆಕೆಲ್.</em>
6,7,21,0,0,[3],"<em>ಅಥವಾ : 50 ಶೆಕೆಲ್. ನಾಣ್ಯ, ತೂಕ, ಅಳತೆಗಳ ಪಟ್ಟಿ ನೋಡಿ.</em>"
6,15,18,0,0,[1],<em>ಅಥವಾ : ಅವಳು ಒತ್ನಿಯೇಲನನ್ನು ಪ್ರೋತ್ಸಾಹಿಸಿದಳು.</em>
6,22,10,0,0,[1],ಅಥವಾ: ವೇದಿಕೆ.
6,24,27,0,0,[1],<em>ಕಲ್ಲುಕುಪ್ಪೆ ಸಾಕ್ಷಿಯಾದಂತೆ ಅಡಿಕಾಂಡ 31:8 ನೋಡಿ.</em>
7,1,14,0,0,[1],<em>ಕೆಲವು ಪ್ರತಿಗಳ ಪ್ರಕಾರ ಗಂಡ ಆಕೆಯನ್ನು ಪ್ರೇರೇಪಿಸಿದನು.</em>
7,1,16,0,0,[2],<em>ಅಥವಾ : ಜೆರಿಕೋ ನಗರದಿಂದ.</em>
7,1,16,0,0,[3],<em>ಅಥವಾ : ಅಮಾಲೇಕ್ಯರ ಸಂಗಡ.</em>
7,2,5,0,0,[1],<em>ಅಂದರೆ ಅತ್ತು ಪ್ರಲಾಪಿಸು.</em>
7,2,13,0,0,[2],<em>ಸ್ತ್ರೀಪುರುಷ ದೇವತೆಗಳು.</em>
7,4,19,0,0,[1],<em>ಅಥವಾ : ಮಜ್ಜಿಗೆ.</em>
7,5,2,0,0,[1],<em>ಅಥವಾ : ಮುಡಿ ಬೆಳೆಸಿದರು.</em>
7,5,13,0,0,[2],<em>ಅಥವಾ : ಆತನ.</em>
7,5,15,0,0,[3],<em>ಅಥವಾ : ನಫ್ತಾಲಿಯರೊಡನೆ.</em>
7,6,19,0,0,[1],ಅಥವಾ : ಒಂದು ಏಫಾ.
7,6,24,0,0,[2],ಅಂದರೆ : ಸರ್ವೇಶ್ವರಶಾಂತಿಸಮಾಧಾನ ಸ್ವರೂಪಿ.
7,6,32,0,0,[3],<em>ಅಂದರೆ : ಬಾಳದೇವತೆ ತನ್ನನೆ ರಕ್ಷಿಸಿಕೊಳ್ಳಲಿ.</em>
7,8,26,0,0,[1],<em>ಅಥವಾ : 1700 ತೊಲೆ.</em>
7,8,27,0,0,[2],<em>ಕ್ಲಿಷ್ಟಪದಗಳ ಅರ್ಥ ನೋಡಿ.</em>
7,9,10,0,0,[1],<em>ಅಥವಾ : ಅತ್ತಿಯಮರದ.</em>
7,9,37,0,0,[2],<em>ಬಹುಶಃ : ಗೆರಿಜ್ಜೀಮ್ ಬೆಟ್ಟ.</em>
7,12,6,0,0,[1],<em>ಅಂದರೆ : ಗೋದಿ ತೆನೆ.</em>
7,13,1,0,0,[1],<em>ಅಥವಾ : ಸಾಂಸನ್.</em>
7,14,19,0,0,[1],<em>ಅಥವಾ : ಸರ್ವೇಶ್ವರನ ಆತ್ಮಾವೇಶದಿಂದ.</em>
7,15,6,0,0,[1],<em>ಅಥವಾ : ಆಕೆಯ ತಂದೆಯ ಕುಟುಂಬವನ್ನು.</em>
7,15,17,0,0,[2],<em>ಅಂದರೆ : ದವಡೆ ಎಲುಬಿನ ದಿಬ್ಬ.</em>
7,15,19,0,0,[3],<em>ಅಂದರೆ : ಕರೆದವನ ಜಲಾಕರ.</em>
7,17,5,0,0,[1],<em>ಕ್ಲಿಷ್ಟಪದಗಳ ಅರ್ಥವನ್ನು ನೋಡಿ.</em>
8,1,20,0,0,[1],"<em>ಎಂದರೆ : ಮಧು, ಸಿಹಿ.</em>"
8,1,20,0,0,[2],<em>ಎಂದರೆ : ಕಹಿ</em>
8,4,17,0,0,[1],<em>ಅಥವಾ : ಇಷಯನ.</em>
9,1,1,0,0,[1],<em>ಅಥವಾ : ರಾಮಾತಾಯಿಮ್.</em>
9,1,3,0,0,[2],<em>ಅಥವಾ : ಸರ್ವಶಕ್ತರಾದ.</em>
9,1,11,0,0,[3],<em>ಮುಡಿಕತ್ತರಿಸದೆ ಬಿಡುವವನು ದೇವರಿಗೆ ಸಮರ್ಪಿತನು ಎಂಬುದರ ಸಂಕೇತ; ನ್ಯಾಯಸ್ಥಾಪಕರು <a href='B:90 13:5'>13:5</a>ನ್ನು ನೋಡಿ</em>
9,1,23,0,0,[4],<em>ಅಥವಾ : ತಮ್ಮ.</em>
9,2,18,0,0,[1],<em>ಕ್ಲಿಷ್ಟಪದಗಳ ಅರ್ಥ ನೋಡಿ.</em>
9,3,7,0,0,[1],<em>ಅಥವಾ : ಅರಿವು.</em>
9,4,21,0,0,[1],"<em>ಎಂದರೆ, ಮಹಿಮೆಯೆಲ್ಲಿದೆ? ಅದು ಮಾಯವಾಗಿದೆ, ಎಂದು ಅರ್ಥ.</em>"
9,5,8,0,0,[1],"<em>ಎಂದರೆ, ಐದುಮಂದಿ ರಾಜರನ್ನು</em>"
9,11,1,0,0,[1],<em>ಕೆಲವು ಪ್ರತಿಗಳಲ್ಲಿ ಮಾತ್ರ.</em>
9,13,1,0,0,[1],<em>ಹಿಬ್ರು ಮೂಲದಲ್ಲಿ ನಿರ್ದಿಷ್ಟ ಸಂಖ್ಯೆ ಬಿದ್ದುಹೋಗಿದೆ; 1 ಮತ್ತು 2 ಎಂಬ ಸಂಖ್ಯೆಗಳು ಮಾತ್ರ ಇಳಿದಿವೆ.</em>
9,13,1,0,0,[2],<em>ಹಿಬ್ರು ಮೂಲದಲ್ಲಿ ನಿರ್ದಿಷ್ಟ ಸಂಖ್ಯೆ ಬಿದ್ದುಹೋಗಿದೆ; 1 ಮತ್ತು 2 ಎಂಬ ಸಂಖ್ಯೆಗಳು ಮಾತ್ರ ಇಳಿದಿವೆ.</em>
9,14,14,0,0,[1],<em>ಕ್ಲಿಷ್ಟಪದಗಳ ಅರ್ಥ ನೋಡಿ.</em>
9,14,18,0,0,[2],<em>ಕ್ಲಿಷ್ಟಪದಗಳ ಅರ್ಥ ನೋಡಿ.</em>
9,16,1,0,0,[1],<em>ಅಥವಾ : ಇಷಯನ. </em>
9,16,14,0,0,[2],"<em>ಒಳಿತಿಗೂ ಕೆಡುಕಿಗೂ, ಪರಿಶುದ್ಧಾತ್ಮಕ್ಕೂ ದೇವರೇ ಮೂಲಕಾರಣ ಎಂಬುದು ಇಸ್ರಯೇಲರ ಅಭಿಪ್ರಾಯವಾಗಿತ್ತು.</em>"
9,17,12,0,0,[1],<em>ಅಥವಾ : ಇಷಯ.</em>
9,19,18,0,0,[1],<em>ಅಥವಾ : ಸಯೋತ್ (ಸವಿತ್) ಎಂಬ ಸ್ಥಳದಲ್ಲಿ. </em>
9,28,6,0,0,[1],<em>ಕ್ಲಿಷ್ಟಪದಗಳ ಅರ್ಥ ನೋಡಿ.</em>
10,1,18,0,0,[1],"<em>ಇದೊಂದು ಬಹಳ ಪ್ರಾಚೀನ ಗ್ರಂಥ ಸಂಗ್ರಹ, ಆದರೆ ಈಗ ಅಲಭ್ಯ.</em>"
10,2,1,0,0,[1],<em>ಅಥವಾ : ಯೆಹೂದ.</em>
10,7,5,0,0,[1],"<em>ಹಿಬ್ರು ಮೂಲಪದಕ್ಕೆ ಮನೆ, ಮನೆತನ, ಅರಮನೆ, ದೇವಸ್ಥಾನ ಮುಂತಾದ ಅರ್ಥಗಳೂ ಇವೆ.</em>"
10,7,7,0,0,[2],<em>ಅಥವಾ : ನ್ಯಾಯಸ್ಥಾಪಕನನ್ನು.</em>
10,12,25,0,0,[1],<em>ಅಂದರೆ : ‘ಸರ್ವೇಶ್ವರನಿಗೆ ಪ್ರಿಯನು’.</em>
10,14,26,0,0,[1],<em>ಅಥವಾ : 200 ಬೆಳ್ಳಿನಾಣ್ಯಗಳ ತೂಕ.</em>
10,18,21,0,0,[1],"<em>ಅಥವಾ : ಎತಿಯೋಪಿಯದವನನ್ನು, (ಕಪ್ಪಾದವನನ್ನು).</em>"
10,20,1,0,0,[1],<em>ಅಥವಾ : ಇಷಯನ.</em>
10,24,13,0,0,[1],<em>ಕೆಲವು ಪ್ರತಿಗಳ ಪ್ರಕಾರ ಮೂರು ವರ್ಷ.</em>
11,1,25,0,0,[1],<em>ಹಿಬ್ರು ಮೂಲ: ನಿಮ್ಮ ಸೇನಾಪತಿಗಳನ್ನು</em>
11,4,22,0,0,[1],<em>ಅಥವಾ : ಮೂವತ್ತು ‘ಕೋರ್’ - ದ್ರವವಸ್ತುಗಳ ತೂಕದಳತೆಯ ಪಟ್ಟಿಯನ್ನು ನೋಡಿ.</em>
11,4,22,0,0,[2],<em>ಅಥವಾ : ಅರವತ್ತು ‘ಕೋರ್’.</em>
11,5,11,0,0,[1],"<em>ಅಥವಾ : 20,000 ‘ಕೋರ್’ ಗೋದಿ.</em>"
11,5,11,0,0,[2],<em>ಅಥವಾ : 20 ‘ಕೋರ್’ ಎಣ್ಣೆ.</em>
11,6,2,0,0,[1],"<em>ನಾಣ್ಯ, ತೂಕ ಹಾಗೂ ಅಳತೆಗಳ ಪಟ್ಟಿಯನ್ನು ನೋಡಿ.</em>"
11,6,20,0,0,[2],<em>ಅಂದರೆ : ಧೂಪವೇದಿ.</em>
11,7,30,0,0,[1],<em>ಅಥವಾ : ಗಂಗಾಳ.</em>
11,7,38,0,0,[2],<em>ಅಥವಾ : 40 ‘ಬತ್’.</em>
11,8,12,8,13,[1],<em>ಹಿಬ್ರು ಮೂಲದಲ್ಲಿ ಈ ಪಂಕ್ತಿ ಇಲ್ಲ.</em>
11,8,65,0,0,[2],<em>ಗ್ರೀಕ್ ಮೂಲದಲ್ಲಿ : ಒಂದು ವಾರ.</em>
11,9,14,0,0,[1],<em>ಅಥವಾ : 120 ತಲೆಂತು.</em>
11,9,28,0,0,[2],<em>ಅಥವಾ : 420 ತಲೆಂತು</em>
11,10,10,0,0,[1],"<em>ನಾಣ್ಯ, ತೂಕ, ಅಳತೆ ಇವುಗಳ ಪಟ್ಟಿಯನ್ನು ನೋಡಿ.</em>"
11,16,24,0,0,[1],<em>ಅಥಾ; 2 ತಲೆಂತು.</em>
11,20,39,0,0,[1],<em>ಅಥವಾ : ಒಂದು ತಲೆಂತು.</em>
12,4,29,0,0,[1],<em>ಅಂದರೆ - ವಂದನೋಪಚಾರಗಳಲ್ಲಿ ಕಾಲವಿಳಂಬ ಮಾಡದೆ ಬೇಗನೆ ಹೋಗು. <a href='B:490 10:4'>ಲೂಕ.  10:4</a>ನ್ನು ನೋಡಿ</em>
12,5,1,0,0,[1],<em>ಅಥವಾ : ಅರಾಮ್ಯರ.</em>
12,5,1,0,0,[2],<em>ಅಥವಾ : ಒಂದು ತರದ ಕುಷ್ಠರೋಗದಿಂದ; <a href='B:30 13:1'>ಯಾಜ.  13:1</a>ನ್ನು ನೋಡಿ.</em>
12,6,25,0,0,[1],<em>ಅಥವಾ : ಪಾರಿವಾಳದ ಗೊಬ್ಬರವನ್ನು.</em>
12,7,1,0,0,[1],"<em>ಅಥವಾ : 12 ಸೇರಿನಂತೆ. ನಾಣ್ಯ, ತೂಕ, ಅಳತೆ, ಇವುಗಳ ಪಟ್ಟಿಯನ್ನು ನೋಡಿ.</em>"
12,16,3,0,0,[1],<em>ಅಥವಾ :ಆಹುತಿ ಕೊಟ್ಟನು.</em>
12,16,17,0,0,[2],<em>ಅಥವಾ; ಗಂಗಾಳಗಳನ್ನು.</em>
12,18,14,0,0,[1],"<em>ಅಥವಾ 300 ತಲೆಂತು. ನಾಣ್ಯ, ತೂಕ, ಅಳತೆಗಳ ಪಟ್ಟಿಯನ್ನು ನೋಡಿ</em>"
12,23,33,0,0,[1],"<em>ಅಥವಾ : 100 ತಲೆಂತು; ನಾಣ್ಯ, ತೂಕ, ಅಳತೆ ಇವುಗಳ ಪಟ್ಟಿಯನ್ನು ನೋಡಿ.</em>"
12,25,10,0,0,[1],<em>ಅಥವಾ : ಕಸ್ದಿಯ.</em>
13,1,7,0,0,[1],<em>ಅಥವಾ : ತಾರ್ಷಿಷ್.</em>
13,1,7,0,0,[2],<em>ಅಥವಾ : ಕಿತ್ತೀಮ್.</em>
13,7,12,0,0,[1],<em>ಹಿಬ್ರು ಮೂಲ : ಶುಪ್ಪೀಮ್ ಮತ್ತು ಹುಪ್ಪೀಮ್ ಈರನ ಮಕ್ಕಳು; ಹುಶೀನನು ಆಹೇರನ ಮಗ.</em>
13,10,4,0,0,[1],<em>ಅಥವಾ : ಸುನ್ನತಿಯಿಲ್ಲದ.</em>
13,11,11,0,0,[1],<em>ಹಿಬ್ರು ಮೂಲ : “ಮೂವತ್ತು ಪ್ರಮುಖ ವೀರರು.”</em>
13,11,20,0,0,[2],"<em>ಹಿಬ್ರು ಮೂಲ : “ಮೂವರು ಪ್ರಮುಖ ವೀರರು"".</em>"
13,13,11,0,0,[1],<em>ಅಥವಾ : ಉಜ್ಜನಿಗಾದ ಶಿಕ್ಷೆ.</em>
13,15,27,0,0,[1],<em>ಕ್ಲಿಷ್ಟ ಪದಗಳ ಅರ್ಥ ನೋಡಿ</em>
13,17,17,0,0,[1],<em>ಅಂದರೆ : ಯೇಸು ಕ್ರಿಸ್ತನ.</em>
13,19,6,0,0,[1],<em>ಅಥವಾ : 1000 ತಲೆಂತು - ನಾಣ್ಯಗಳ ಪಟ್ಟಿ ನೋಡಿ.</em>
13,29,4,0,0,[1],<em>ಅಥವಾ : ಸುಮಾರು 3000 ತಲೆಂತು.</em>
13,29,4,0,0,[2],<em>ಅಥವಾ : ಸುಮಾರು 7000 ತಲೆಂತು.</em>
13,29,7,0,0,[3],<em>ಅಥವಾ : ಸುಮಾರು 5000 ತಲೆಂತು.</em>
13,29,7,0,0,[4],<em>ಅಥವಾ : ಸುಮಾರು 10000 ತಲೆಂತು.</em>
14,6,1,0,0,[1],<em>ಈ ಪಂಕ್ತಿ ಹಿಬ್ರು ಮೂಲದಲ್ಲಿ ಇಲ್ಲ.</em>
14,6,13,0,0,[2],<em>ಈ ಪಂಕ್ತಿ ಹಿಬ್ರು ಮೂಲದಲ್ಲಿ ಇಲ್ಲ.</em>
14,14,9,0,0,[1],"<em>ಅಥವಾ : ಇಥಿಯೋಪಿಯದ, ಕೂಷ್ಯನಾದ.</em>"
14,27,5,0,0,[1],"<em>ನಾಣ್ಯ, ತೂಕ, ಅಳತೆ ಇವುಗಳ ಪಟ್ಟಿಯನ್ನು ನೋಡಿ</em>"
14,31,16,0,0,[1],<em>ಹಿಬ್ರೂ ಮೂಲ : ಮೂರು ವರ್ಷ.</em>
14,36,3,0,0,[1],"<em>ನಾಣ್ಯ, ತೂಕ, ಅಳತೆ ಇವುಗಳ ಪಟ್ಟಿಯನ್ನು ನೋಡಿ.</em>"
16,1,1,0,0,[1],<em>ಕಿಸ್ಲೆವ್‍ಮಾಸ : ಹಿಬ್ರು ಪಂಚಾಂಗವನ್ನು ನೋಡಿ.</em>
16,5,13,0,0,[1],<em>ಅಂದಿನ ಕಾಲದಲ್ಲಿ ಜೇಬುಗಳು ಇರಲಿಲ್ಲ; ಹಣಕಾಸು ಇತ್ಯಾದಿಗಳನ್ನು ನಡುಪಟ್ಟಿಯಲ್ಲೇ ಸಿಕ್ಕಿಸಿಕೊಳ್ಳುತ್ತಿದ್ದರು.</em>
16,5,13,0,0,[2],<em>ಅಥವಾ : ಆಮೆನ್.</em>
16,6,15,0,0,[1],<em>ಆದಾರ್‍ಮಾಸ; ಹಿಬ್ರ ಪಂಚಾಂಗವನ್ನು ನೋಡಿ.</em>
16,7,70,0,0,[1],"<em>ನಾಣ್ಯ, ತೂಕ ಹಾಗು ಅಳತೆ ಇವುಗಳ ಪಟ್ಟಿಯನ್ನು ನೋಡಿ.</em>"
16,8,1,0,0,[1],<em>ಅಥವಾ : ಧರ್ಮಶಾಸ್ತ್ರಜ್ಞ.</em>
17,2,16,0,0,[1],<em>ಹಿಬ್ರು ಪಂಚಾಂಗ ನೋಡಿ.</em>
18,1,1,0,0,[1],<em>ಬಹುಶಃ ಎದೋಮಿನ ದಕ್ಷಿಣಭಾಗದಲ್ಲಿದ್ದ ನಾಡು.</em>
18,1,6,0,0,[2],"<em>ಅಕ್ಷರಶಃ ದೇವರ ಮಕ್ಕಳು, ದೇವದೂತರು.</em>"
18,4,9,0,0,[1],<em>ಪದ್ಯಭಾಗಗಳಲ್ಲಿ ದೇವರಿಗೆ ಏಕವಚನವನ್ನೇ ಬಳಸಲಾಗಿದೆ.</em>
18,20,17,0,0,[1],<em>ಅಥವಾ : ಜೇನು ಮೊಸರು.</em>
18,31,20,0,0,[1],<em>ಮೂಲ : ಅವರ ಸೊಂಟವನ್ನು.</em>
18,36,14,0,0,[1],<em>ಅಥವಾ : ಲಜ್ಜಾಹೀನರಾಗಿ ಗತಿಸಿಹೋಗುವರು</em>
18,36,33,0,0,[2],<em>ಅಥವಾ : ಕೇಡಿನ ಮೇಲೆ ಕೋಪವನ್ನು ಕೆರಳಿಸುತ್ತದೆ.</em>
19,1,2,0,0,[1],<em>ಅಥವಾ : ಸರ್ವೇಶ್ವರನ (ಮುನ್ನುಡಿಯನ್ನು ಓದಿ ನೋಡಿ).</em>
19,51,17,0,0,[1],<em>ಅಂದರೆ : ಪಶ್ಚಾತ್ತಾಪದಿಂದ.</em>
19,74,14,0,0,[1],<em>ಅಂದರೆ ಕೇಡಿನ ಸಂಕೇತವಾದ ರಾಕ್ಷಸ.</em>
20,16,11,0,0,[1],<em>ಅಥವಾ : ಕಟ್ಲೇಚೀಲದ.</em>
20,17,19,0,0,[1],<em>ಅಥವಾ : ಸೊಕ್ಕಿನಿಂದ ಮಾತಾಡುವವನು.</em>
20,18,19,0,0,[1],<em>ಗ್ರೀಕ್ ಮೂಲ.</em>
21,8,9,0,0,[1],<em>ಮೂಲ : ಅಸ್ಪಷ್ಟ.</em>
23,3,1,0,0,[1],"<em>ಕ್ರಿ.ಪೂ. ಸುಮಾರು 735ರಲ್ಲಿ, ಆಹಾಜನ ಕಾಲದಲ್ಲಿ.</em>"
23,6,1,0,0,[1],<em>ಕ್ರಿ ಪೂ. ಸುಮಾರು 740ರಲ್ಲಿ.</em>
23,11,11,0,0,[1],<em>ಅಥವಾ : ಎಥಿಯೋಪಿಯ.</em>
23,13,21,0,0,[1],<em>ಅಥವಾ : ದೆವ್ವಗಳು.</em>
23,14,23,0,0,[1],<em>ಅರಸ ಸನ್ಹೇರೀಬನು ಮಾಡಿದ ಮುತ್ತಿಗೆಯ ಸಂದರ್ಭ : ಕ್ರಿ. ಪೂ. 701.</em>
23,18,1,0,0,[1],<em>ಅಥವಾ : ಸುಡಾನಿನ.</em>
23,20,3,0,0,[1],<em>ಅಥವಾ : ಎಥಿಯೋಪಿಯದ.</em>
23,21,1,0,0,[1],<em>ದಕ್ಷಿಣ ಬಾಬಿಲೋನಿಯ.</em>
23,28,1,0,0,[1],<em>ಸಮಾರಿಯಕ್ಕೆ.</em>
23,30,1,0,0,[1],<em>ಕ್ರಿ. ಪೂ. ಸುಮಾರು 702.</em>
23,30,7,0,0,[2],<em>ಈ ಪಂಕ್ತಿ ಹಿಬ್ರು ಮೂಲದಲ್ಲಿ ಇಲ್ಲ</em>
23,30,33,0,0,[3],<em>ಬೆನ್-ಹಿನ್ನೋಮ್ ಕಣಿವೆ : ಮೊಲೆಕ್ ದೇವತೆಗೆ ಮಕ್ಕಳನ್ನು ಬಲಿಯಾಗಿ ಅರ್ಪಿಸುತ್ತಿದ್ದ ಸ್ಥಳ.</em>
23,37,8,0,0,[1],<em>ರಬ್ಷಾಕೆಯು</em>
23,38,21,0,0,[1],<em>ವಚನ 21-22ನ್ನು ಇದೇ ಅಧ್ಯಾಯದ ಕೊನೆಯಿಂದ ಇಲ್ಲಿಗೆ ಸ್ಥಳಾಂತರಿಸಲಾಗಿದೆ (2 ಅರಸ 20:6-9ನ್ನೂ ನೋಡಿ).</em>
23,41,1,0,0,[1],<em>ಅಥವಾ : ದ್ವೀಪನಿವಾಸಿಗಳೇ.</em>
23,44,2,0,0,[1],<em>ಅಥವಾ : ಇಸ್ರಯೇಲೇ.</em>
23,44,28,0,0,[2],<em>ಅಥವಾ : ಸೈರಸನಿಗೆ.</em>
23,45,1,0,0,[1],<em>ಅಥವಾ : ಸೈರಸನಿಗೆ.</em>
23,45,14,0,0,[2],"<em>ಮೂಲ : ಕೂಷ್, ಅಥವಾ ಎಥಿಯೋಪಿಯ.</em>"
23,47,1,0,0,[1],<em>ಅಂದರೆ : ಬಾಬಿಲೋನ್ ನಗರಿಯೇ.</em>
23,49,12,0,0,[1],<em>ದಕ್ಷಿಣ ಈಜಿಪ್ಟಿನ ಒಂದು ನಗರ.</em>
23,54,5,0,0,[1],<em>ಅಥವಾ : ಸರ್ವಶಕ್ತ ಸರ್ವೇಶ್ವರ.</em>
23,65,3,0,0,[1],<em>ಅಥವಾ : ಅನ್ಯಧರ್ಮೀಯರ ವೇದಿಗಳು.</em>
23,65,11,0,0,[2],<em>ಅಂದರೆ : ಶುಭಕಾರ್ಯದೇವತೆ.</em>
23,65,11,0,0,[3],<em>ಅಂದರೆ : ಸದ್ಗತಿದಾಯಕದೇವತೆ.</em>
24,1,11,0,0,[1],<em>ಅಥವಾ : ಬಾದಾಮಿಮರ; ಹೂಬಿಡಲು ಆ ಮರ ವಸಂತಕಾಲಕ್ಕಾಗಿ ಕಾದಿರುವಂತೆ ದೇವರು ತಮ್ಮ ಮಾತನ್ನು ಈಡೇರಿಸಲು ಕಾತರರಾಗಿದ್ದಾರೆ.</em>
24,1,16,0,0,[2],<em>ಅಥವಾ: ಧೂಪಹಾಕುತ್ತಿದ್ದಾರೆ</em>
24,2,18,0,0,[1],<em>ಮೂಲ : ಶೀಹೋರಿನ ದಾರಿಯನ್ನು.</em>
24,2,23,0,0,[2],<em>ಅಥವಾ : ಮರುಭೂಮಿಯಲ್ಲಿನ ಕಾಡುಕತ್ತೆ.</em>
24,7,31,0,0,[1],<em>ಮಕ್ಕಳನ್ನು ಬಲಿಕೊಡುತ್ತಿದ್ದ ಸ್ಥಳ.</em>
24,8,13,0,0,[1],<em>ಮೂಲ ಅಸ್ಪಷ್ಟ.</em>
24,8,22,0,0,[2],<em>ಗಿಲ್ಯಾದ್ ಔಷಧದ ಗಿಡಮೂಲಿಕೆಗಳಿಗೆ ಪ್ರಸಿದ್ಧವಾಗಿದ್ದ ಸ್ಥಳ.</em>
24,23,12,0,0,[1],<em>ಮೂಲ : ದಂಡನೆಯ ವರ್ಷ.</em>
24,23,33,0,0,[2],<em>‘ಮಸ್ಸಾ’ ಎಂಬ ಹಿಬ್ರ ಮೂಲ ಪದಕ್ಕೆ ‘ದೈವೋಕ್ತಿ’ ಅಥವಾ ‘ಹೊರೆ’ ಎಂಬ ಎರಡು ಅರ್ಥವಿದೆ.</em>
24,36,9,0,0,[1],<em>ಕ್ರಿ.ಪೂ. ಡಿಸೆಂಬರ್ 604.</em>
24,45,1,0,0,[1],<em>ಕ್ರಿ.ಪೂ. 605ರಲ್ಲಿ.</em>
24,50,21,0,0,[1],<em>ಅಂದರೆ: ಅತಿ ದ್ರೋಹದ ದೇಶ; ದಂಡನೆಗೆ ಗುರಿಯಾದ ಸ್ಥಳ.</em>
24,51,41,0,0,[1],<em>ಅಂದರೆ : ಬಾಬಿಲೋನ್</em>
24,51,58,0,0,[2],<em>ಕ್ರಿ. ಪೂ. ಸುಮಾರು 593ರಲ್ಲಿ ನಡೆದದ್ದು</em>
24,52,4,0,0,[1],"<em>ಕ್ರಿ. ಪೂ. 589, ಡಿಸೆಂಬರ್ ಕೊನೆಯಲ್ಲಿ. </em>"
24,52,6,0,0,[2],"<em>ಕ್ರಿ. ಪೂ. 587, ಜೂನ್ - ಜುಲೈ.</em>"
24,52,30,0,0,[3],"<em>ಕ್ರಿ. ಪೂ.598, 597, 582 ಇವು ಯೆಹೂದ್ಯರು ಸೆರೆಹೋದ ವರ್ಷಗಳು.</em>"
26,1,3,0,0,[1],<em>ಅಥವಾ : ಕಸ್ದೀಯಾ.</em>
26,1,11,0,0,[2],<em>ಅಥವಾ : ಅವುಗಳ ಮುಖಗಳು ಹಾಗೂ ರೆಕ್ಕೆಗಳು.</em>
26,8,1,0,0,[1],<em>ಕ್ರಿ. ಪೂ. 592ರ ಸೆಪ್ಟೆಂಬರ್ - ಅಕ್ಟೋಬರ್ ತಿಂಗಳು.</em>
26,8,2,0,0,[2],<em>ಅಥವಾ : ತೇಜೋರೂಪವೊಂದು.</em>
26,20,1,0,0,[1],ಅಂದರೆ : ಕ್ರಿ. ಪೂ. 591ರ ಜುಲೈ- ಆಗಸ್ಟ್ ರಲ್ಲಿ.
26,24,1,0,0,[1],<em>ಅಂದರೆ : ಕ್ರಿ. ಪೂ. 589ರ ಡಿಸೆಂಬರ್ - 588ರ ಜನವರಿಯಲ್ಲಿ. </em>
26,26,1,0,0,[1],<em>ಅಂದರೆ ಕ್ರಿ. ಪೂ. 587 - 586 ಏಪ್ರಿಲ್‍ನಲ್ಲಿ.</em>
26,30,20,0,0,[1],<em>ಅಂದರೆ : ಕ್ರಿ. ಪೂ. 587ರ ಮಾರ್ಚ್ - ಏಪ್ರಿಲ್‍ನಲ್ಲಿ.</em>
26,31,1,0,0,[1],<em>ಅಂದರೆ : ಕ್ರಿ. ಪೂ. 587ರ ಮೇ - ಜೂನ್‍ರಲ್ಲಿ.</em>
26,32,1,0,0,[1],<em>ಅಂದರೆ : ಕ್ರಿ. ಪೂ. 587ರ ಮೇ - ಜೂನರಲ್ಲಿ.</em>
26,32,17,0,0,[2],<em>ಅಂದರೆ : ಕ್ರಿ. ಪೂ. 586ರ ಮಾರ್ಚ್ - ಏಪ್ರಿಲ್‍ರಲ್ಲಿ.</em>
26,33,21,0,0,[1],<em>ಅಂದರೆ : ಕ್ರಿ. ಪೂ. 586ರ ಡಿಸೆಂಬರ್ - 585ರ ಜನವರಿಯಲ್ಲಿ.</em>
26,35,3,0,0,[1],<em>ಅಥವಾ : ಸೆಯೀರ್.</em>
26,39,11,0,0,[1],<em>ಅಥವಾ : ಮೃತ ಸರೋವರ.</em>
26,40,1,0,0,[1],<em>ಅಂದರೆ : ಕ್ರಿ. ಪೂ. 573ರ ಸೆಪ್ಟೆಂಬರ್ - ಅಕ್ಟೋಬರಲ್ಲಿ.</em>
26,40,5,0,0,[2],<em>ಅಥವಾ : ಆರು ಉದ್ದ ಮೊಳ; ಒಂದು ಉದ್ದ ಮೊಳ ಅಂದರೆ ಮೊಳದ ಮೇಲೆ ಒಂದು ಹಿಡಿಯುದ್ದ.</em>
26,43,13,0,0,[1],<em>ಅಥವಾ : ಉದ್ದ ಮೊಳದ ಅಳತೆಯ ಪ್ರಕಾರ; ‘ಉದ್ದ ಮೊಳ’ ಅಂದರೆ ಮೊಳದ ಮೇಲೆ ಒಂದು ಹಿಡಿಯುದ್ದ.</em>
26,45,12,0,0,[1],"<em>ನಾಣ್ಯ, ಅಳತೆ ಹಾಗು ತೂಕಗಳ ಪಟ್ಟಿ ನೋಡಿ.</em>"
27,7,25,0,0,[1],"<em>ಮೂಲ ಒಂದು ಕಾಲ, ಎರಡು ಕಾಲ, ಅರ್ಧಕಾಲ.</em>"
27,9,24,0,0,[1],<em>ಅಕ್ಷರಶಃ - ಎಪ್ಪತ್ತು ವಾರಗಳು.</em>
27,9,25,0,0,[2],<em>ಅಕ್ಷರಶಃ ಏಳು ವಾರಗಳು.</em>
27,9,25,0,0,[3],<em>ಅಕ್ಷರಶಃ - ಅರವತ್ತೆರಡು ವಾರಗಳು.</em>
27,9,27,0,0,[4],<em>ಅಕ್ಷರಶಃ - ಒಂದು ವಾರ.</em>
27,10,13,0,0,[1],<em>ಮೂಲ ಅಸ್ಪಷ್ಟ.</em>
27,11,5,0,0,[1],<em>ಅಥವಾ - ಈಜಿಪ್ಟಿನ ರಾಜನು.</em>
27,11,6,0,0,[2],<em>ಅಥವಾ - ಸಿರಿಯಾದ ರಾಜನನ್ನು.</em>
27,11,16,0,0,[3],<em>ಅಥವಾ : ಪಾಲೆಸ್ತಿನ್ ದೇಶವನ್ನು.</em>
27,11,30,0,0,[4],<em>ಮೂಲದಲ್ಲಿ - ಕಿತ್ತೀಮಿನ.</em>
28,1,4,0,0,[1],<em>ಅಂದರೆ : ‘ದೇವರ ಬಿತ್ತನೆ’.</em>
28,1,11,0,0,[2],<em>ಅಥವಾ : ‘ನಾಡಿನ ಎಲ್ಲಾ ಕಡೆಗಳಿಂದ</em>
28,2,15,0,0,[1],<em>ಅಂದರೆ : ‘ಆಪತ್ತಿನ’.</em>
28,3,2,0,0,[1],"<em>ನಾಣ್ಯ, ತೂಕ ಹಾಗು ಅಳತೆಗಳ ಪಟ್ಟಿ ನೋಡಿ.</em>"
28,4,14,0,0,[1],<em>ಅಥವಾ; ಅವರೇ.</em>
28,6,11,0,0,[1],<em>ಅಥವಾ : ಸುಭಿಕ್ಷೆ.</em>
29,3,18,0,0,[1],<em>ಜಾಲಿ ಹಳ್ಳ ಹೆಸರು.</em>
30,2,11,0,0,[1],<em>ಕೂದಲನ್ನು ಕತ್ತರಿಸದೆ ಮದ್ಯಪಾನ ಮಾಡದೆ ಇರುವುದಾಗಿ ವ್ರತವನ್ನು ಕೈಗೊಂಡವರು.</em>
30,3,7,0,0,[1],"<em>ಅಥವಾ :ಪ್ರಭು, ಒಡೆಯ, ಕರ್ತ.</em>"
34,3,8,0,0,[1],<em>ಮೂಲ : ಆಮೋನಿಗಿಂತ.</em>
34,3,9,0,0,[2],<em>ಅಥವಾ : ಎಥಿಯೋಪಿಯಾ.</em>
37,1,1,0,0,[1],<em>ಮೂಲ : ದಾರ್ಯಾವೇಷ.</em>
37,1,1,0,0,[2],<em>ಕ್ರಿ. ಪೂ. 520 - ಆಗಸ್ಟ್ ತಿಂಗಳು.</em>
37,2,1,0,0,[1],<em>ಕ್ರಿ. ಪೂ. 520 ಗುಡಾರಗಳ ಹಬ್ಬದ ಕೊನೆಯ ದಿನ.</em>
38,1,1,0,0,[1],<em>ಅಂದರೆ ಕ್ರಿ. ಪೂ. 520.</em>
38,4,5,0,0,[1],<em>ಅರ್ಥವು ಸ್ಪಷ್ಟವಾಗಲೆಂದು 10ರಿಂದ 14ರ ವಚನಗಳನ್ನು ಇಲ್ಲಿಗೆ ಸ್ಥಳಾಂತರಿಸಲಾಗಿದೆ.</em>
38,7,1,0,0,[1],<em>ಕ್ರಿ. ಪೂ. 518 ನವೆಂಬರ್ ತಿಂಗಳು.</em>
38,8,21,0,0,[1],<em>ಮೂಲ : ನಾನೂ ಹೋಗುತ್ತೇನೆ.</em>
38,14,21,0,0,[1],<em>ಅಥವಾ : ಕಾನಾನ್ಯನೂ.</em>
40,1,16,0,0,[1],"ಗೌರವಾರ್ಥ, ಅಧ್ಯಾಯಗಳ ಆದಿಯಲ್ಲಿ ಹಾಗೂ ಶಿರೋನಾಮಗಳ ಅಡಿಯಲ್ಲಿ ಮೊಟ್ಟಮೊದಲಬಾರಿಗೆ ಬರುವ ‘ಯೇಸು’ ಎಂಬ ಪದಕ್ಕೆ; ‘ಸ್ವಾಮಿ’ ಎಂಬ ಪ್ರತ್ಯಯವನ್ನು ಹಚ್ಚಲಾಗಿದೆ."
40,2,1,0,0,[1],<em>ಈ ಗ್ರಂಥದಲ್ಲಿ ಕೊಡಲಾಗಿರುವ ಶಿರೋನಾಮೆಗಳೆಲ್ಲವು ಬೈಬಲ್ಲಿನಿಂದ ಆಯ್ದುಕೊಂಡ ವಾಕ್ಯಗಳಲ್ಲ. ಓದುಗರ ಗಮನವನ್ನು ಸೆಳೆಯುವ ಉದ್ದೇಶದಿಂದ ಕೆಲವು ಗಾದೆಗಳನ್ನು ನಾಣ್ನುಡಿಗಳನ್ನು ಹಾಗೂ ಪ್ರಾಸಬದ್ಧ ವಾಕ್ಯಗಳನ್ನು ಶಿರೋನಾಮೆಗಳಾಗಿ ಬಳಸಲಾಗಿವೆ.</em>
40,2,11,0,0,[2],<em>ಅಥವಾ : ಮೀರಾ ಎಂಬ ರಸಗಂಧ.</em>
40,3,11,0,0,[1],<em>ಕ್ಲಿಷ್ಟಪದಗಳ ಅರ್ಥ ನೋಡಿ.</em>
40,5,22,0,0,[1],<em>ಕೆಲವು ಪ್ರತಿಗಳಲ್ಲಿ ಈ ಪದವಿದೆ.</em>
40,5,32,0,0,[2],<em>ಅಥವಾ ವ್ಯಭಿಚಾರದ.</em>
40,5,46,0,0,[3],<em>ಯೆಹೂದ್ಯರ ದೃಷ್ಟಿಯಲ್ಲಿ ಬಹಿಷ್ಕೃತರು.</em>
40,6,10,0,0,[1],<em>ಅಥವಾ : ಪರಲೋಕ.</em>
40,6,12,0,0,[2],<em>ಮೂಲ : ಸಾಲಗಾರರನ್ನು</em>
40,6,13,0,0,[3],"<em>ಕೆಲವು ಪ್ರತಿಗಳಲ್ಲಿ, “ರಾಜ್ಯವು, ಶಕ್ತಿಯು ಹಾಗು ಮಹಿಮೆಯು ಯುಗಯುಗಾಂತರಕ್ಕೂ ನಿಮ್ಮದೇ, ಆಮೆನ್.” ಎಂಬ ವಾಕ್ಯವೂ ಇದೆ.</em>"
40,6,24,0,0,[4],<em>ಮೂಲ : ಮಾಮೋನನಿಗೂ.</em>
40,9,10,0,0,[1],<em>ಇವರನ್ನು ಯೆಹೂದ್ಯ ಸಮಾಜ ಬಹಿಷ್ಕೃತರೆಂದು ಪರಿಗಣಿಸುತ್ತಿತ್ತು.</em>
40,9,35,0,0,[2],<em>ಕ್ಲಿಷ್ಟ ಪದಗಳ ಅರ್ಥ ನೋಡಿ.</em>
40,10,25,0,0,[1],<em>‘ಬೆಲ್ಜೆಬೂಲ್’ ಎಂದರೆ ‘ಪಿಶಾಚಿಗಳ ಒಡೆಯ’.</em>
40,11,19,0,0,[1],<em>‘ಪಾಪಿಷ್ಠರ’ - ಮೂಲ ‘ಸುಂಕದವರ’.</em>
40,11,19,0,0,[2],<em>ಕೆಲವು ಪ್ರತಿಗಳಲ್ಲಿ ‘ಜ್ಞಾನಾವಲಂಬಿಗಳಿಂದಲೇ.’</em>
40,12,24,0,0,[1],<em>‘ಬೆಲ್ಜೆಬೂಲ್’ ಎಂದರೆ ‘ಪಿಶಾಚಿಗಳ ಒಡೆಯ’.</em>
40,13,25,0,0,[1],<em>ಅಥವಾ: ಹಣಜಿ.</em>
40,16,18,0,0,[1],"<em>ಮೂಲ - ‘ಪೇತ್ರೊಸ್’, ‘ಪೇತ್ರ’ ಎಂಬ ಗ್ರೀಕ್ ಪದಕ್ಕೆ ಬಂಡೆ ಎಂದು ಅರ್ಥ.</em>"
40,16,20,0,0,[2],<em>ಅಕ್ಷರಶಃ ‘ಕ್ರಿಸ್ತ’ ಅಥವಾ ‘ಮೆಸ್ಸೀಯ’.</em>
40,16,21,0,0,[3],<em>‘ಜೀವಂತನಾಗಿ ಏಳಬೇಕಾಗಿದೆ’ ಎಂದೂ ಕೆಲವರು ಭಾಷಾಂತರಿಸಿದ್ದಾರೆ.</em>
40,18,11,0,0,[1],"<em>ಕೆಲವು ಪ್ರತಿಗಳಲ್ಲಿ : ವಚನ 11: “ನರಪುತ್ರನು ಪತಿತರನ್ನು ಉದ್ಧಾರಮಾಡಲು ಬಂದನು.""</em>"
40,18,24,0,0,[2],<em>ಮೂಲ - ತಲೆಂತು’; ನಾಣ್ಯಗಳ ಪಟ್ಟಿ ನೋಡಿ.</em>
40,18,28,0,0,[3],<em>ಮೂಲ - ‘ದಿನಾರಿ’ ನಾಣ್ಯಗಳ ಪಟ್ಟಿ ನೋಡಿ.</em>
40,19,9,0,0,[1],<em>ಅಥವಾ : ವ್ಯಭಿಚಾರ.</em>
40,19,9,0,0,[2],<em>ಕೆಲವು ಪ್ರತಿಗಳಲ್ಲಿ : “ಅಂತೆಯೇ ಗಂಡ ಬಿಟ್ಟವಳನ್ನು ಮದುವೆಯಾಗುವವನು ವ್ಯಭಿಚಾರ ಮಾಡುತ್ತಾನೆ” ಎಂದೂ ಇದೆ.</em>
40,22,42,0,0,[1],<em>ಅಥವಾ : ಕ್ರಿಸ್ತ.</em>
40,25,15,0,0,[1],<em>ನಾಣ್ಯಗಳ ಪಟ್ಟಿ ನೋಡಿ.</em>
40,26,2,0,0,[1],<em>ಈಜಿಪ್ಟ್ ದೇಶದ ದಾಸ್ಯದಿಂದ ತಮಗಾದ ಬಿಡುಗಡೆಯ ಸ್ಮರಣಾರ್ಥವಾಗಿ ಯೆಹೂದ್ಯರು ಆಚರಿಸುತ್ತಿದ್ದ ಮುಖ್ಯ ಹಬ್ಬ.</em>
40,26,28,0,0,[2],<em>“ಹೊಸ ಒಡಂಬಡಿಕೆಯ” ಎಂದೂ ಕೆಲವು ಪ್ರತಿಗಳಲ್ಲಿದೆ.</em>
40,28,6,0,0,[1],<em>‘ಜೀವಂತರಾಗಿ ಎದ್ದಿದ್ದಾರೆ’ ಎಂದೂ ಕೆಲವರು ಭಾಷಾಂತರಿಸಿದ್ದಾರೆ.</em>
40,28,6,0,0,[2],<em>ಕೆಲವು ಪ್ರತಿಗಳಲ್ಲಿ “ಸ್ವಾಮಿಯನ್ನಿಟ್ಟಿದ್ದ” ಎಂದಿದೆ.</em>
40,28,19,0,0,[3],<em>ಅಥವಾ : ಪುತ್ರ.</em>
40,28,19,0,0,[4],<em>ಅಥವಾ : ಜ್ಞಾನಸ್ನಾನ.</em>
41,1,8,0,0,[1],<em>ಕ್ಲಿಷ್ಟಪದಗಳ ಅರ್ಥ ನೋಡಿ.</em>
41,2,15,0,0,[1],<em>ಇವರನ್ನು ಯೆಹೂದ್ಯ ಸಮಾಜ ಬಹಿಷ್ಕೃತರೆಂದು ಪರಿಗಣಿಸುತ್ತಿತ್ತು.</em>
41,2,15,0,0,[2],<em>ಇವರನ್ನು ಯೆಹೂದ್ಯ ಸಮಾಜ ಬಹಿಷ್ಕೃತರೆಂದು ಪರಿಗಣಿಸುತ್ತಿತ್ತು.</em>
41,8,29,0,0,[1],<em>ಅಂದರೆ ‘ಕ್ರಿಸ್ತ’ ಅಥವಾ ‘ಮೆಸ್ಸೀಯ.’</em>
41,11,26,0,0,[1],"<em>ಆದರೆ ನೀವು ಕ್ಷಮಿಸದೆಹೋದರೆ, ಸ್ವರ್ಗದಲ್ಲಿರುವ ನಿಮ್ಮ ತಂದೆಯೂ ಸಹ ನಿಮ್ಮ ತಪ್ಪುಗಳನ್ನು ಕ್ಷಮಿಸರು” ಎಂದರು. ಈ ವಚನ ಕೆಲವು ಪ್ರತಿಗಳಲ್ಲಿ ಮಾತ್ರ ಇದೆ.</em>"
41,14,24,0,0,[1],<em>ಕೆಲವು ಪ್ರತಿಗಳಲ್ಲಿ : ‘ಹೊಸ ಒಡಂಬಡಿಕೆಯ ರಕ್ತ’ ಎಂದು ಬರೆದಿದೆ.</em>
41,16,6,0,0,[1],<em>“ಅವರು ಜೀವಂತರಾಗಿ ಎದ್ದಿದ್ದಾರೆ” ಎಂದೂ ಕೆಲವರು ಭಾಷಾಂತರಿಸಿದ್ದಾರೆ.</em>
41,16,16,0,0,[2],<em>ಅಥವಾ : ಜ್ಞಾನಸ್ನಾನ</em>
41,16,20,0,0,[3],<em>ಕೆಲವು ಪ್ರತಿಗಳಲ್ಲಿರುವ ಇತರ ಮುಕ್ತಾಯ ವಚನಗಳು.</em>
42,2,26,0,0,[1],<em>ಅಥವಾ : ಕ್ರಿಸ್ತ.</em>
42,2,35,0,0,[2],<em>ಈ ಕಂಸಗಳಲ್ಲಿ ಬರುವ ವಾಕ್ಯಗಳು ಕೆಲವು ಹಸ್ತಪ್ರತಿಗಳಲ್ಲಿ ಇಲ್ಲ.</em>
42,3,1,0,0,[1],<em>ಅಥವಾ : ಪೊಂತಿಯ.</em>
42,3,20,0,0,[2],<em>ಕ್ಲಿಷ್ಟ ಪದಗಳ ಅರ್ಥನೋಡಿ.</em>
42,9,20,0,0,[1],<em>‘ಕ್ರಿಸ್ತ’ ಅಥವಾ ‘ಮೆಸ್ಸೀಯ’.</em>
42,9,22,0,0,[2],<em>“ಜೀವಂತನಾಗಿ ಎದ್ದು ಬರುವನು” ಎಂದೂ ಕೆಲವರು ಭಾಷಾಂತರಿಸಿದ್ದಾರೆ.</em>
42,10,1,0,0,[1],<em>ಕೆಲವು ಪ್ರತಿಗಳಲ್ಲಿ ‘ಎಪ್ಪತ್ತು’ ಎಂದಿದೆ.</em>
42,10,32,0,0,[2],<em>ಧಾರ್ಮಿಕ ವಿಧಿಗಳನ್ನು ನೆರವೇರಿಸುವುದರಲ್ಲಿ ಯಾಜಕನಿಗೆ ಸಹಾಯಕ.</em>
42,24,5,0,0,[1],"<em>ಜೀವಂತರಾಗಿ ಎದ್ದಿದ್ದಾರೆ,’ ಎಂದೂ ಕೆಲವರು ಭಾಷಾಂತರಿಸಿದ್ದಾರೆ.</em>"
43,1,1,0,0,[1],"<em>ಅಥವಾ : ‘ವಾಕ್ಕು’, ‘ವಾಕ್ಯ’, ‘ಶಬ್ಧ’, ‘ನುಡಿ’, ‘ಮಾತು’, ಅಂದರೆ ಕ್ರಿಸ್ತ ಯೇಸು.</em>"
43,1,14,0,0,[2],<em>ಅಥವಾ : ‘ಅನುಗ್ರಹದಿಂದಲೂ’.</em>
43,1,20,0,0,[3],<em>ಕ್ರಿಸ್ತ.</em>
43,3,3,0,0,[1],<em>ಮೂಲದಲ್ಲಿ : ಮೇಲಿನಿಂದ ಹುಟ್ಟಿದ ಹೊರತು.</em>
43,5,3,5,4,[1],ಕೆಲವು ಪ್ರತಿಗಳಲ್ಲಿ : 4 <em>ನೀರು ಉಕ್ಕುವುದನ್ನೇ ಅವರು ಕಾದು ನೋಡುತ್ತಿದ್ದರು. ಕಾರಣ - ಕೆಲವೊಮ್ಮೆ ದೇವದೂತನು ಇಳಿದುಬಂದು ನೀರನ್ನು ಕದಡಿಸುತ್ತಿದ್ದನು. ಕದಡಿದೊಡನೆ ಮೊತ್ತ ಮೊದಲು ಕೊಳಕ್ಕಿಳಿದವನು ಯಾವ ರೋಗದಿಂದ ನರಳುತ್ತಿದ್ದರೂ ಗುಣಹೊಂದುತ್ತಿದ್ದನು.</em>
43,14,16,0,0,[1],"<em>ಅಥವಾ : ‘ವಕೀಲ’, ಶಾಂತಿದಾತ, ಆಶ್ರಯದಾತ.</em>"
44,2,1,0,0,[1],<em>ಯೆಹೂದ್ಯರಸುಗ್ಗಿಹಬ್ಬದ ದಿನ : ಮೋಶೆ ಮುಖಾಂತರ ದಶನಿಯಮಗಳನ್ನು ಪಡೆದ ಸ್ಮರಣಾರ್ಥ ದಿನ.</em>
44,2,9,0,0,[2],<em>ಏಷ್ಯ ಮೈನರ್.</em>
44,2,36,0,0,[3],<em>ಕ್ರಿಸ್ತನನ್ನಾಗಿಯೂ.</em>
44,2,38,0,0,[4],<em>ಅಥವಾ : ‘ಜ್ಞಾನಸ್ನಾನವನ್ನು.’</em>
44,3,14,0,0,[1],<em>ಅಥವಾ : ನೀತಿಸ್ವರೂಪರು.</em>
44,6,9,0,0,[1],<em>ಇವರು ಮೊದಲು ಗುಲಾಮರಾಗಿದ್ದು ಅನಂತರ ಬಿಡುಗಡೆಯನ್ನು ಕೊಂಡುಕೊಂಡ ಯೆಹೂದ್ಯರು.</em>
44,9,36,0,0,[1],<em>ಎಂದರೆ ‘ಹರಿಣಿ.</em>
44,10,19,0,0,[1],"<em>ಕೆಲವು ಪ್ರತಿಗಳಲ್ಲಿ ‘ಇಬ್ಬರು’ ಎಂದೂ, ಇನ್ನಿತರ ಪ್ರತಿಗಳಲ್ಲಿ ‘ಕೆಲವರು’ ಎಂದೂ ಇದೆ.</em>"
44,10,30,0,0,[2],<em>“ಉಪವಾಸವಿದ್ದು ಪ್ರಾರ್ಥನೆ ಮಾಡುತ್ತಾ ಇದ್ದೆ” ಎಂದು ಕೆಲವು ಪ್ರತಿಗಳಲ್ಲಿದೆ.</em>
44,13,18,0,0,[1],"<em>ಅಥವಾ : ಸಹಿಸಿಕೊಂಡರು.""</em>"
44,15,34,0,0,[1],<em>ಕೆಲವು ಪ್ರತಿಗಳಲ್ಲಿ ಈ ವಚನವೂ ಇದೆ.</em>
44,17,19,0,0,[1],<em>ನಗರಸಭೆ ಕೂಡುತ್ತಿದ್ದ ಸ್ಥಳ.</em>
44,20,28,0,0,[1],<em>ಕೆಲವು ಪ್ರತಿಗಳಲ್ಲಿ ‘ದೇವರು ಎಂದಿದೆ.</em>
44,22,14,0,0,[1],<em>ಅಥವಾ : ನೀತಿಸ್ವರೂಪರನ್ನು.</em>
44,22,24,0,0,[2],"<em>ಅಥವಾ :’ಟ್ರಿಬ್ಯೂನ್’, ‘ರೋಮನ್ ಕಮಾಂಡರ್’.</em>"
45,1,17,0,0,[1],"<em>ಅಥವಾ : “ಯಾರು ವಿಶ್ವಾಸದಿಂದ ದೇವರೊಡನೆ ಸತ್ಸಂಬಂಧ ಹೊಂದಿರುತ್ತಾರೋ ಅವರು ಸಜ್ಜೀವವನ್ನು ಪಡೆಯುವರು.""</em>"
45,8,10,0,0,[1],<em>ಅಥವಾ : ನಿಮ್ಮ ಆತ್ಮವು ಜೀವಂತವಾಗಿರುತ್ತದೆ.</em>
45,9,5,0,0,[1],<em>ಅಥವಾ : ಇವರು ಸಮಸ್ತಕ್ಕೂ ಒಡೆಯರು. ದೇವರಿಗೆ ಯುಗಯುಗಾಂತರಕ್ಕೂ ಸ್ತೋತ್ರ ಸಲ್ಲಲಿ.</em>
46,2,6,0,0,[1],<em>ವಿಶ್ವಾಸದಲ್ಲಿ ವಿಕಸಿತರಾದವರೊಡನೆ.</em>
46,7,36,0,0,[1],<em>ಅಥವಾ : ಒಬ್ಬನು ತನ್ನ ಮಗಳಿಗೆ ಮದುವೆ ಇಲ್ಲದಿರುವುದು ಅವಮರ್ಯಾದೆಯೆಂದು ಭಾವಿಸಿದರೆ ಮತ್ತು ಆಕೆಗೆ ಪ್ರಾಯ ಕಳೆದುಹೋಗುತ್ತಿದೆಯಲ್ಲಾ ಎಂದು ಚಿಂತಿಸುವುದಾದರೆ ತನ್ನ ಇಷ್ಟದಂತೆ ಮದುವೆಮಾಡಿಕೊಡಲಿ. ಅದು ಪಾಪವಲ್ಲ.</em>
46,16,22,0,0,[1],<em>ಅಥವಾ : ‘ಮಾರನ್‍ ಅಥೆ’ - ಪ್ರಭು ಬರುತ್ತಾರೆ.</em>
47,3,2,0,0,[1],<em>ಅಥವಾ : ನಿಮ್ಮ.</em>
48,3,27,0,0,[1],<em>ಅಕ್ಷರಶಃ : ಕ್ರಿಸ್ತರನ್ನು ಧರಿಸಿಕೊಂಡಿದ್ದೀರಿ.</em>
48,4,28,0,0,[1],<em>ಅಥವಾ : ನಾವು.</em>
49,5,13,0,0,[1],<em>ಅಥವಾ : ಎಲ್ಲಿ ಬೆಳಕಿರುತ್ತದೋ ಅಲ್ಲಿ ಎಲ್ಲವೂ ಸ್ಪಷ್ಟವಾಗಿ ಗೋಚರಿಸುತ್ತದೆ.</em>
50,2,11,0,0,[1],<em>ಅಥವಾ ‘ಸರ್ವೇಶ್ವರ’ : ಯೆಶಾಯ 45:23 ನೋಡಿ.</em>
50,4,3,0,0,[1],"<em>ಅಥವಾ : “ಸೀಗಸ್.""</em>"
52,4,4,0,0,[1],<em>ಅಥವಾ : ತನ್ನ ದೇಹವನ್ನು ನಿಯಂತ್ರಿಸಿಕೊಳ್ಳಬೇಕು.</em>
52,4,16,0,0,[2],<em>ಅಥವಾ : ಕ್ರಿಸ್ತರಲ್ಲಿರುವ ಮೃತರಾದವರು.</em>
54,2,13,0,0,[1],<em>ಅಥವಾ : ಏವಳನ್ನು.</em>
54,3,11,0,0,[1],<em>ಅಥವಾ : ಸಭಾಸೇವಕರ ಪತ್ನಿಯರು.</em>
57,1,9,0,0,[1],<em>ರಾಯಭಾರಿ ಎಂಬ ಅರ್ಥವೂ ಇದೆ.</em>
58,2,7,0,0,[1],<em>ಅಥವಾ : ನರಮಾನವನು.</em>
58,9,13,0,0,[1],<em>ಅಥವಾ ಬಲಿಪ್ರಾಣಿಗಳ.</em>
59,4,5,0,0,[1],<em>ದೇವರು ನಮ್ಮಲ್ಲಿ ನೆಲೆಯಾಗಿರಿಸಿರುವ ಪವಿತ್ರಾತ್ಮರು ನಮಗೋಸ್ಕರ ಅತ್ಯಾಸಕ್ತಿಯಿಂದ ಹಂಬಲಿಸುತ್ತಾರೆ.</em>
59,5,20,0,0,[1],<em>ಅಥವಾ : ‘ಅವನ'.</em>
66,1,8,0,0,[1],"<em>ಅಥವಾ : ಆದಿಯೂ ನಾನೇ, ಅಂತ್ಯವೂ ನಾನೇ.</em>"
66,5,6,0,0,[1],"<em>ಅಥವಾ : ಯಜ್ಞದ ಕುರಿಮರಿ, ಬಲಿಪ್ರಾಣಿಯಾದ ಕುರಿಮರಿ.</em>"
66,8,11,0,0,[1],"<em>ಅಥವಾ : ಮಾಚಿಪತ್ರೆ.""</em>"
66,9,11,0,0,[1],<em>ಅಂದರೆ : ವಿದ್ವಂಸಕ ಎಂದು ಅರ್ಥ.</em>
66,19,1,0,0,[1],<em>ಅಥವಾ : ಹಲ್ಲೆಲೂಯ. ಅಂದರೆ : ದೇವರಿಗೆ ಸ್ತುತಿಸಲ್ಲಲಿ.</em>
66,22,21,0,0,[1],<em>ಕೆಲವು ಪ್ರತಿಗಳಲ್ಲಿ ‘ದೇವಜನರಲ್ಲಿ’ ಎಂದೂ ಮತ್ತೆ ಕೆಲವು ಪ್ರತಿಗಳಲ್ಲಿ ‘ದೇವಜನರೆಲ್ಲರಲ್ಲೂ ಎಂದೂ ಇದೆ.</em>
